site_id,slot,month,day,n_values,n_years,p10,p25,p50,p75,p90
11264500,1,1,1,210,31,13.00,29.65,58.60,119.75,233.80
11264500,2,1,2,210,31,13.00,29.70,59.05,119.00,288.50
11264500,3,1,3,210,31,13.00,29.70,59.05,119.00,280.50
11264500,4,1,4,210,30,13.00,29.70,59.05,117.50,274.20
11264500,5,1,5,210,30,13.00,31.43,59.05,117.00,248.50
11264500,6,1,6,210,30,13.00,32.23,62.10,117.50,273.30
11264500,7,1,7,210,30,13.00,32.48,63.85,119.00,273.30
11264500,8,1,8,210,30,13.00,32.55,64.65,119.25,273.30
11264500,9,1,9,210,30,13.00,33.65,69.90,122.00,248.50
11264500,10,1,10,210,30,13.00,33.65,71.95,122.25,272.80
11264500,11,1,11,210,30,13.00,33.65,72.55,123.25,272.80
11264500,12,1,12,210,30,13.00,33.65,76.20,123.25,283.20
11264500,13,1,13,210,30,13.64,33.35,77.20,122.75,263.10
11264500,14,1,14,210,30,14.81,32.63,78.55,125.00,256.20
11264500,15,1,15,210,30,15.37,32.63,84.60,126.00,256.20
11264500,16,1,16,210,30,16.10,31.80,86.50,129.00,256.20
11264500,17,1,17,210,30,17.00,31.80,90.05,130.25,254.40
11264500,18,1,18,210,30,18.00,33.53,91.60,134.25,253.50
11264500,19,1,19,210,30,19.09,33.98,92.45,134.75,256.90
11264500,20,1,20,210,30,21.10,34.58,93.40,134.75,257.00
11264500,21,1,21,210,30,22.07,34.65,94.50,134.75,257.00
11264500,22,1,22,210,30,22.07,34.65,94.75,137.50,257.00
11264500,23,1,23,210,30,22.07,35.20,94.90,141.00,256.90
11264500,24,1,24,210,30,22.36,35.98,94.10,141.50,244.00
11264500,25,1,25,210,30,22.36,36.28,91.95,141.50,243.00
11264500,26,1,26,210,30,23.26,36.83,90.65,141.50,241.00
11264500,27,1,27,210,30,25.61,38.55,89.65,144.00,241.00
11264500,28,1,28,210,30,27.07,40.58,88.50,144.75,237.90
11264500,29,1,29,210,30,27.82,43.00,88.50,143.25,230.50
11264500,30,1,30,210,30,28.91,45.45,89.00,150.25,225.90
11264500,31,1,31,210,30,28.91,45.45,89.65,151.00,225.90
11264500,32,2,1,210,30,29.00,47.00,96.15,151.75,225.90
11264500,33,2,2,210,30,29.05,51.93,97.75,155.00,226.90
11264500,34,2,3,210,30,29.52,53.58,102.00,157.25,225.90
11264500,35,2,4,210,30,30.02,53.78,105.00,159.25,240.50
11264500,36,2,5,210,30,34.08,56.30,106.00,161.25,242.00
11264500,37,2,6,210,30,38.75,58.75,107.50,162.25,245.60
11264500,38,2,7,210,30,44.24,61.75,108.50,162.25,245.60
11264500,39,2,8,210,30,45.62,67.75,108.50,163.50,241.20
11264500,40,2,9,210,30,47.17,71.20,107.00,165.75,230.90
11264500,41,2,10,210,30,48.41,74.70,112.50,168.25,230.90
11264500,42,2,11,210,30,51.60,75.75,116.00,174.50,234.90
11264500,43,2,12,210,30,52.32,75.93,117.50,177.25,236.00
11264500,44,2,13,210,30,52.85,76.48,117.50,183.50,240.60
11264500,45,2,14,210,30,53.34,76.93,119.00,185.75,255.50
11264500,46,2,15,210,30,53.49,77.68,119.00,185.50,258.70
11264500,47,2,16,210,30,53.31,79.48,119.00,183.50,272.50
11264500,48,2,17,210,30,52.01,80.28,121.00,176.75,272.50
11264500,49,2,18,210,30,50.38,83.63,121.00,174.25,258.70
11264500,50,2,19,210,30,50.30,85.88,121.00,169.25,250.70
11264500,51,2,20,210,30,50.03,85.88,119.00,168.00,239.70
11264500,52,2,21,210,30,49.85,85.18,118.50,164.00,235.00
11264500,53,2,22,210,30,49.85,83.00,118.50,163.25,235.00
11264500,54,2,23,210,30,50.34,81.38,118.00,162.25,234.90
11264500,55,2,24,210,30,50.77,80.85,117.50,162.25,234.90
11264500,56,2,25,210,30,53.00,81.18,117.50,164.00,242.80
11264500,57,2,26,188,30,55.59,82.00,117.00,167.00,254.60
11264500,58,2,27,188,30,56.51,83.83,118.00,167.00,260.50
11264500,59,2,28,188,30,59.03,86.55,119.50,172.25,292.10
11264500,60,2,29,188,30,59.01,90.28,121.50,183.75,292.20
11264500,61,3,1,188,30,57.30,93.00,124.00,187.00,292.20
11264500,62,3,2,188,30,59.01,101.00,129.00,187.00,287.50
11264500,63,3,3,188,30,59.97,101.25,129.00,186.75,281.60
11264500,64,3,4,210,30,60.75,101.75,132.50,187.00,279.00
11264500,65,3,5,210,30,64.65,102.00,132.50,188.25,269.40
11264500,66,3,6,210,30,70.74,102.00,133.50,189.50,279.00
11264500,67,3,7,210,30,72.82,102.00,134.00,191.00,286.90
11264500,68,3,8,210,30,78.64,102.00,135.50,201.75,312.40
11264500,69,3,9,210,30,79.55,102.00,137.50,208.25,339.90
11264500,70,3,10,210,30,80.55,102.75,143.00,221.00,363.70
11264500,71,3,11,210,30,81.82,105.00,149.50,247.25,390.70
11264500,72,3,12,210,30,87.00,109.50,156.50,283.25,400.60
11264500,73,3,13,210,30,89.60,117.50,164.00,309.50,417.90
11264500,74,3,14,210,30,93.33,120.75,174.00,314.50,431.50
11264500,75,3,15,210,30,103.20,130.50,180.00,316.00,468.60
11264500,76,3,16,210,30,107.00,137.75,193.50,333.50,477.70
11264500,77,3,17,210,30,112.20,147.75,202.00,342.75,505.70
11264500,78,3,18,210,30,118.00,160.75,224.50,363.75,517.90
11264500,79,3,19,210,30,122.30,165.75,244.50,371.25,525.20
11264500,80,3,20,210,30,128.20,171.00,258.00,373.50,551.40
11264500,81,3,21,210,30,130.00,176.50,267.00,390.50,590.80
11264500,82,3,22,210,30,134.40,186.50,272.50,403.25,633.50
11264500,83,3,23,210,30,140.60,188.75,273.00,414.25,649.60
11264500,84,3,24,210,30,148.10,195.75,273.00,415.00,659.10
11264500,85,3,25,210,30,140.80,207.75,282.00,418.50,649.60
11264500,86,3,26,210,30,148.10,210.75,284.50,422.00,636.90
11264500,87,3,27,210,30,152.20,217.50,288.50,422.75,650.40
11264500,88,3,28,210,30,155.10,222.75,293.00,448.00,650.40
11264500,89,3,29,210,30,159.60,225.25,298.00,470.00,623.90
11264500,90,3,30,210,30,172.10,228.50,308.50,476.25,644.60
11264500,91,3,31,210,30,175.20,229.75,328.00,493.00,686.70
11264500,92,4,1,210,30,175.20,230.75,345.50,498.00,702.20
11264500,93,4,2,210,30,175.20,233.25,359.50,539.00,730.60
11264500,94,4,3,210,30,167.10,230.75,368.00,562.25,787.40
11264500,95,4,4,210,30,167.10,229.00,380.50,604.50,837.10
11264500,96,4,5,210,30,167.10,233.25,389.00,641.00,887.30
11264500,97,4,6,210,30,164.50,244.25,392.00,674.75,912.90
11264500,98,4,7,210,30,170.80,249.00,399.00,688.50,932.90
11264500,99,4,8,210,30,188.30,271.50,409.00,693.50,947.60
11264500,100,4,9,210,30,191.10,288.00,435.00,713.50,952.10
11264500,101,4,10,210,30,195.20,296.75,474.00,731.75,943.30
11264500,102,4,11,210,30,197.10,317.50,494.50,725.75,936.70
11264500,103,4,12,210,30,202.10,347.00,506.00,745.50,914.80
11264500,104,4,13,210,30,203.00,353.00,516.00,720.50,903.00
11264500,105,4,14,210,30,203.30,366.75,527.00,745.50,903.00
11264500,106,4,15,210,30,209.80,373.75,535.00,768.25,912.90
11264500,107,4,16,210,30,266.10,378.75,539.00,776.25,935.60
11264500,108,4,17,210,30,289.10,402.25,555.00,782.25,996.30
11264500,109,4,18,210,30,313.90,403.75,567.00,835.00,1118.00
11264500,110,4,19,210,30,326.20,412.50,598.50,886.25,1189.00
11264500,111,4,20,210,30,329.00,418.25,602.50,942.50,1258.00
11264500,112,4,21,210,30,329.30,423.00,613.00,1025.00,1365.00
11264500,113,4,22,210,30,354.20,440.75,657.00,1110.00,1408.00
11264500,114,4,23,210,30,362.60,455.75,719.50,1135.00,1498.00
11264500,115,4,24,210,30,371.10,490.50,777.50,1180.00,1580.00
11264500,116,4,25,210,30,382.00,516.50,824.50,1212.50,1620.00
11264500,117,4,26,210,30,413.60,543.25,869.00,1240.00,1650.00
11264500,118,4,27,210,30,447.30,587.25,901.50,1262.50,1718.00
11264500,119,4,28,210,30,455.30,634.75,945.00,1360.00,1785.00
11264500,120,4,29,210,30,458.10,649.25,1010.00,1400.00,1888.00
11264500,121,4,30,210,30,470.00,677.00,1050.00,1430.00,1888.00
11264500,122,5,1,210,30,470.20,690.50,1060.00,1460.00,1899.00
11264500,123,5,2,210,30,470.20,744.50,1060.00,1500.00,1940.00
11264500,124,5,3,210,30,475.40,824.50,1085.00,1502.50,1950.00
11264500,125,5,4,210,30,507.00,851.50,1110.00,1510.00,2009.00
11264500,126,5,5,210,30,516.20,862.25,1120.00,1530.00,2009.00
11264500,127,5,6,210,30,516.20,875.75,1130.00,1540.00,2010.00
11264500,128,5,7,210,30,471.10,881.25,1130.00,1542.50,2010.00
11264500,129,5,8,210,30,447.40,875.75,1130.00,1552.50,2084.00
11264500,130,5,9,210,30,432.10,874.25,1150.00,1632.50,2099.00
11264500,131,5,10,210,30,471.10,844.75,1175.00,1742.50,2169.00
11264500,132,5,11,210,30,507.80,835.50,1190.00,1812.50,2209.00
11264500,133,5,12,210,30,524.00,830.00,1190.00,1855.00,2289.00
11264500,134,5,13,210,30,547.90,825.00,1195.00,1910.00,2370.00
11264500,135,5,14,210,30,605.40,823.75,1210.00,1952.50,2419.00
11264500,136,5,15,210,30,627.60,823.75,1195.00,2002.50,2440.00
11264500,137,5,16,210,30,633.30,827.00,1175.00,2010.00,2494.00
11264500,138,5,17,210,30,632.00,838.50,1170.00,1930.00,2585.00
11264500,139,5,18,210,30,606.30,848.75,1170.00,1885.00,2590.00
11264500,140,5,19,210,30,602.10,826.75,1170.00,1872.50,2746.00
11264500,141,5,20,210,30,574.90,795.25,1145.00,1845.00,2698.00
11264500,142,5,21,210,30,559.40,773.25,1105.00,1792.50,2698.00
11264500,143,5,22,210,30,549.10,740.50,1090.00,1782.50,2746.00
11264500,144,5,23,210,30,502.80,721.25,1065.00,1760.00,2885.00
11264500,145,5,24,210,30,487.30,692.00,1030.00,1760.00,2898.00
11264500,146,5,25,210,30,482.50,685.75,1025.00,1735.00,2963.00
11264500,147,5,26,210,30,482.50,671.75,1030.00,1732.50,3095.00
11264500,148,5,27,210,30,458.10,666.75,1035.00,1747.50,3095.00
11264500,149,5,28,210,30,455.30,667.00,1050.00,1772.50,3095.00
11264500,150,5,29,210,30,453.20,667.00,1080.00,1790.00,3042.00
11264500,151,5,30,210,30,455.00,663.75,1130.00,1787.50,3033.00
11264500,152,5,31,210,30,455.10,655.50,1130.00,1832.50,3029.00
11264500,153,6,1,210,30,440.60,620.50,1130.00,1885.00,2927.00
11264500,154,6,2,210,30,431.70,605.25,1170.00,1915.00,2984.00
11264500,155,6,3,210,30,427.20,564.25,1170.00,1980.00,3076.00
11264500,156,6,4,210,30,425.10,552.00,1130.00,1992.50,3076.00
11264500,157,6,5,210,30,405.20,541.25,1085.00,2017.50,3058.00
11264500,158,6,6,210,30,390.40,498.75,1065.00,2050.00,3028.00
11264500,159,6,7,210,30,328.40,481.75,1060.00,2055.00,3008.00
11264500,160,6,8,210,30,308.30,446.50,999.50,2042.50,2919.00
11264500,161,6,9,210,30,291.20,431.00,986.50,1972.50,2769.00
11264500,162,6,10,210,30,272.00,410.75,982.00,1905.00,2620.00
11264500,163,6,11,210,30,265.00,393.00,958.00,1815.00,2620.00
11264500,164,6,12,210,30,245.20,381.75,917.00,1710.00,2668.00
11264500,165,6,13,210,30,236.20,350.25,847.50,1665.00,2742.00
11264500,166,6,14,210,30,231.10,332.75,836.00,1615.00,2826.00
11264500,167,6,15,210,30,215.50,310.75,826.00,1600.00,2956.00
11264500,168,6,16,210,30,208.30,271.50,806.00,1592.50,3075.00
11264500,169,6,17,210,30,192.30,258.75,782.50,1592.50,3079.00
11264500,170,6,18,210,30,171.10,248.75,740.50,1545.00,3088.00
11264500,171,6,19,210,30,154.50,238.00,721.00,1492.50,3066.00
11264500,172,6,20,210,30,145.20,222.25,707.00,1472.50,3026.00
11264500,173,6,21,210,30,138.20,211.75,694.00,1462.50,2959.00
11264500,174,6,22,210,30,130.00,198.75,689.00,1465.00,2852.00
11264500,175,6,23,210,30,122.10,192.50,640.50,1485.00,2694.00
11264500,176,6,24,210,30,114.70,192.50,597.00,1517.50,2566.00
11264500,177,6,25,210,30,109.00,192.50,573.50,1517.50,2458.00
11264500,178,6,26,210,30,102.20,192.50,551.00,1517.50,2369.00
11264500,179,6,27,210,30,99.47,192.50,511.50,1492.50,2356.00
11264500,180,6,28,210,30,96.92,192.50,495.50,1305.00,2259.00
11264500,181,6,29,210,30,96.08,194.00,451.00,1217.50,2259.00
11264500,182,6,30,210,30,94.57,194.00,417.50,1175.00,2233.00
11264500,183,7,1,210,30,94.57,176.25,375.00,1110.00,2157.00
11264500,184,7,2,210,30,94.53,163.75,363.50,1022.50,2155.00
11264500,185,7,3,210,30,90.72,158.50,346.50,1022.50,2169.00
11264500,186,7,4,210,30,87.87,144.75,337.00,938.50,2169.00
11264500,187,7,5,210,30,81.33,137.75,316.00,929.50,2377.00
11264500,188,7,6,210,30,77.22,133.25,285.50,913.50,2207.00
11264500,189,7,7,210,30,72.93,120.50,267.00,897.75,2074.00
11264500,190,7,8,210,30,70.55,104.75,254.50,884.75,1857.00
11264500,191,7,9,210,30,67.42,99.08,249.50,850.25,1775.00
11264500,192,7,10,210,30,62.81,94.43,238.00,827.00,1704.00
11264500,193,7,11,210,30,58.72,92.78,226.00,791.75,1536.00
11264500,194,7,12,210,30,57.34,85.50,214.00,775.75,1463.00
11264500,195,7,13,210,30,53.34,80.98,209.00,749.50,1385.00
11264500,196,7,14,210,30,51.89,78.60,201.50,746.50,1298.00
11264500,197,7,15,210,30,48.63,77.98,192.50,717.25,1169.00
11264500,198,7,16,210,30,46.78,75.65,185.50,679.00,1145.00
11264500,199,7,17,210,30,46.31,72.98,177.00,653.00,1078.00
11264500,200,7,18,210,30,44.81,72.20,170.00,644.25,1048.00
11264500,201,7,19,210,30,43.08,70.33,164.00,605.75,974.50
11264500,202,7,20,210,30,41.24,68.65,159.00,492.25,954.30
11264500,203,7,21,210,30,40.04,65.95,150.00,464.50,927.30
11264500,204,7,22,210,30,39.17,62.15,142.50,457.75,901.80
11264500,205,7,23,210,30,39.01,62.15,140.50,417.00,888.00
11264500,206,7,24,210,30,38.01,61.83,134.00,395.50,881.70
11264500,207,7,25,210,30,36.05,58.18,123.00,378.50,849.80
11264500,208,7,26,210,30,34.12,54.78,112.50,368.25,789.00
11264500,209,7,27,210,30,33.04,52.58,104.50,362.25,749.40
11264500,210,7,28,210,30,32.33,49.48,101.50,329.75,704.40
11264500,211,7,29,210,30,32.02,45.50,99.00,298.25,634.20
11264500,212,7,30,210,30,31.00,42.75,92.65,281.25,562.30
11264500,213,7,31,210,30,29.64,41.50,89.50,271.50,527.70
11264500,214,8,1,210,30,29.01,39.08,88.55,253.75,496.40
11264500,215,8,2,210,30,28.00,37.15,86.50,243.75,483.70
11264500,216,8,3,210,30,26.91,35.10,83.80,231.75,483.70
11264500,217,8,4,210,30,26.01,32.35,81.15,225.00,477.80
11264500,218,8,5,210,30,25.51,31.15,76.05,219.00,440.10
11264500,219,8,6,210,30,24.14,29.53,70.45,206.00,408.00
11264500,220,8,7,210,30,23.34,27.53,64.00,180.25,383.20
11264500,221,8,8,210,30,21.43,26.18,60.25,169.50,360.00
11264500,222,8,9,210,30,19.68,25.68,54.05,163.75,335.30
11264500,223,8,10,210,30,18.93,24.93,49.95,149.00,316.90
11264500,224,8,11,210,30,17.91,24.00,46.80,137.25,301.70
11264500,225,8,12,210,30,17.13,23.58,44.45,134.25,296.40
11264500,226,8,13,210,30,16.41,21.85,41.75,132.25,282.40
11264500,227,8,14,210,30,15.62,20.90,40.05,130.50,276.10
11264500,228,8,15,210,30,14.63,19.83,39.10,126.00,256.90
11264500,229,8,16,210,30,13.90,19.15,37.75,124.25,242.10
11264500,230,8,17,210,30,12.71,18.65,37.05,118.50,228.10
11264500,231,8,18,210,30,11.93,17.98,35.75,113.00,217.60
11264500,232,8,19,210,30,11.61,17.30,33.55,107.50,213.20
11264500,233,8,20,210,30,11.03,16.88,32.65,102.25,200.00
11264500,234,8,21,210,30,10.90,16.88,31.75,95.28,187.10
11264500,235,8,22,210,30,10.30,16.48,31.25,92.38,174.80
11264500,236,8,23,210,30,9.90,16.00,30.80,86.30,171.70
11264500,237,8,24,210,30,9.65,15.58,30.80,84.10,168.90
11264500,238,8,25,210,30,9.00,14.85,31.50,81.25,164.80
11264500,239,8,26,210,30,8.57,13.93,32.40,80.53,160.50
11264500,240,8,27,210,30,8.29,13.38,31.65,77.48,155.80
11264500,241,8,28,210,30,7.91,12.68,30.40,76.55,151.90
11264500,242,8,29,210,30,7.79,12.00,29.65,74.78,147.90
11264500,243,8,30,210,30,7.61,11.20,28.10,71.40,143.80
11264500,244,8,31,210,30,7.30,11.00,27.75,66.20,134.50
11264500,245,9,1,210,30,7.17,10.68,26.60,65.45,129.70
11264500,246,9,2,210,30,6.77,10.28,24.80,65.10,126.90
11264500,247,9,3,210,30,6.28,9.71,23.15,62.00,125.70
11264500,248,9,4,210,30,5.82,9.23,21.70,60.75,122.30
11264500,249,9,5,210,30,5.49,8.90,20.50,59.25,116.00
11264500,250,9,6,210,30,5.16,8.53,19.45,57.38,108.90
11264500,251,9,7,210,30,5.06,8.01,18.50,52.50,105.80
11264500,252,9,8,210,30,4.87,7.73,17.25,47.25,105.50
11264500,253,9,9,210,30,4.58,7.62,16.35,42.53,106.90
11264500,254,9,10,210,30,4.26,7.31,15.55,40.00,108.80
11264500,255,9,11,210,30,3.93,7.20,15.00,37.00,112.60
11264500,256,9,12,210,30,3.72,7.03,14.75,35.00,115.70
11264500,257,9,13,210,30,4.46,6.95,14.25,32.78,117.80
11264500,258,9,14,210,30,4.46,6.76,13.95,30.93,117.80
11264500,259,9,15,210,30,4.46,6.30,13.70,30.00,107.00
11264500,260,9,16,210,30,4.46,6.06,13.60,29.15,101.36
11264500,261,9,17,210,30,4.46,5.89,13.25,27.63,88.44
11264500,262,9,18,210,30,4.46,5.81,13.00,27.13,83.99
11264500,263,9,19,210,30,4.46,5.79,12.95,27.13,80.64
11264500,264,9,20,210,30,4.47,5.80,12.70,27.13,76.98
11264500,265,9,21,210,30,4.48,5.80,12.55,26.93,76.50
11264500,266,9,22,210,30,4.49,5.80,12.35,26.75,74.94
11264500,267,9,23,210,30,4.48,5.76,12.25,27.20,74.37
11264500,268,9,24,210,30,4.47,5.64,11.80,27.18,74.37
11264500,269,9,25,210,30,4.44,5.58,11.45,26.38,70.99
11264500,270,9,26,210,30,4.26,5.40,10.95,26.05,67.00
11264500,271,9,27,210,30,4.23,5.28,10.20,26.00,65.33
11264500,272,9,28,210,31,4.20,5.13,9.92,25.78,60.68
11264500,273,9,29,210,31,4.20,5.11,9.49,25.25,57.70
11264500,274,9,30,210,31,4.20,5.10,9.40,24.93,56.10
11264500,275,10,1,210,31,4.20,5.10,9.40,24.00,54.27
11264500,276,10,2,210,31,4.16,5.12,9.47,23.33,53.87
11264500,277,10,3,210,31,4.15,5.16,9.42,23.03,52.65
11264500,278,10,4,210,30,4.15,5.25,9.35,23.03,51.27
11264500,279,10,5,210,30,4.13,5.29,9.20,23.03,51.00
11264500,280,10,6,210,30,4.11,5.12,9.14,22.95,50.60
11264500,281,10,7,210,30,3.97,5.09,9.35,22.85,46.81
11264500,282,10,8,210,30,3.87,4.89,9.35,23.03,43.09
11264500,283,10,9,210,30,3.86,4.75,9.35,22.40,41.90
11264500,284,10,10,210,30,3.86,4.70,11.00,22.40,40.26
11264500,285,10,11,210,30,3.86,4.66,11.00,22.03,38.95
11264500,286,10,12,210,30,3.76,4.64,11.00,21.55,37.00
11264500,287,10,13,210,30,3.65,4.60,11.00,21.35,36.99
11264500,288,10,14,210,30,3.55,4.64,11.00,21.23,46.81
11264500,289,10,15,210,30,3.54,5.90,11.05,21.23,67.61
11264500,290,10,16,210,30,3.54,5.93,11.15,21.50,87.84
11264500,291,10,17,210,30,3.55,5.93,11.15,24.48,96.97
11264500,292,10,18,210,30,3.61,5.93,11.10,25.00,99.71
11264500,293,10,19,210,30,3.73,5.99,11.10,25.05,99.71
11264500,294,10,20,210,30,3.87,5.99,11.15,25.05,96.97
11264500,295,10,21,210,30,3.91,6.45,11.15,25.40,99.71
11264500,296,10,22,210,30,3.90,6.48,11.10,25.65,100.90
11264500,297,10,23,210,30,3.90,6.48,11.05,27.00,99.90
11264500,298,10,24,210,30,3.86,6.48,11.05,27.25,100.00
11264500,299,10,25,210,30,3.86,6.56,12.00,28.85,101.80
11264500,300,10,26,210,30,3.71,6.61,12.90,32.25,107.80
11264500,301,10,27,210,30,3.71,6.61,12.90,33.25,113.90
11264500,302,10,28,210,30,3.71,7.25,13.95,34.25,114.30
11264500,303,10,29,210,30,3.87,7.30,14.20,37.00,134.80
11264500,304,10,30,210,30,3.97,7.81,14.55,37.25,150.20
11264500,305,10,31,210,30,4.20,8.20,14.85,38.00,163.40
11264500,306,11,1,210,30,4.82,8.31,14.90,38.25,163.40
11264500,307,11,2,210,30,5.14,8.35,14.90,38.25,157.50
11264500,308,11,3,210,30,5.61,8.44,15.60,38.25,152.90
11264500,309,11,4,210,30,6.30,8.51,16.00,39.00,151.90
11264500,310,11,5,210,30,6.73,8.60,16.30,39.00,151.90
11264500,311,11,6,210,30,6.61,8.60,17.85,39.33,155.70
11264500,312,11,7,210,30,6.48,8.60,19.00,39.93,153.00
11264500,313,11,8,210,30,6.48,8.78,19.00,41.18,152.90
11264500,314,11,9,210,30,6.61,9.50,19.05,46.70,151.90
11264500,315,11,10,210,30,6.70,10.00,20.80,50.25,152.90
11264500,316,11,11,210,30,6.75,10.73,21.20,57.95,156.60
11264500,317,11,12,210,30,6.98,11.75,21.45,59.45,156.60
11264500,318,11,13,210,30,7.02,13.00,22.00,63.50,151.30
11264500,319,11,14,210,30,7.06,13.53,25.00,72.00,144.90
11264500,320,11,15,210,30,7.06,13.83,26.40,77.15,152.30
11264500,321,11,16,210,30,8.28,14.00,27.60,78.58,146.00
11264500,322,11,17,210,30,8.45,14.00,28.00,78.58,136.80
11264500,323,11,18,210,30,8.45,14.00,28.40,78.58,134.90
11264500,324,11,19,210,30,8.59,14.00,29.15,79.33,134.90
11264500,325,11,20,210,30,8.61,14.85,29.15,77.05,123.70
11264500,326,11,21,210,30,8.61,17.15,29.55,75.33,120.50
11264500,327,11,22,210,30,8.63,18.00,31.35,72.98,111.90
11264500,328,11,23,210,30,8.63,18.00,33.60,69.65,111.00
11264500,329,11,24,210,30,8.63,18.00,33.45,67.80,114.60
11264500,330,11,25,210,30,9.57,18.00,33.60,66.33,123.10
11264500,331,11,26,210,30,11.64,18.00,33.80,65.00,123.10
11264500,332,11,27,210,30,11.60,18.00,33.80,64.65,124.00
11264500,333,11,28,210,30,11.51,18.00,33.65,64.50,123.80
11264500,334,11,29,210,30,11.32,18.00,33.95,64.20,123.80
11264500,335,11,30,210,30,11.51,18.10,35.10,64.95,123.90
11264500,336,12,1,210,30,11.60,18.90,37.40,67.60,122.90
11264500,337,12,2,210,30,11.64,19.88,38.40,71.10,122.90
11264500,338,12,3,210,30,11.91,20.00,39.10,71.43,123.90
11264500,339,12,4,210,30,13.93,20.38,39.10,70.70,125.70
11264500,340,12,5,210,30,15.00,20.85,39.60,70.70,128.40
11264500,341,12,6,210,30,15.06,22.30,41.50,71.13,129.00
11264500,342,12,7,210,30,15.06,22.60,41.50,71.13,132.60
11264500,343,12,8,210,30,15.04,22.70,42.10,71.13,145.60
11264500,344,12,9,210,30,14.28,22.68,42.10,71.20,154.20
11264500,345,12,10,210,30,14.28,22.60,42.30,72.63,161.30
11264500,346,12,11,210,30,14.28,22.60,43.45,73.70,163.10
11264500,347,12,12,210,30,14.02,22.58,44.40,75.80,182.60
11264500,348,12,13,210,30,14.02,22.58,45.65,76.15,201.90
11264500,349,12,14,210,30,14.14,22.65,45.95,79.00,192.90
11264500,350,12,15,210,30,14.14,25.65,46.40,79.13,182.90
11264500,351,12,16,210,30,14.14,27.10,47.05,79.50,178.50
11264500,352,12,17,210,30,15.46,28.00,47.85,79.50,163.80
11264500,353,12,18,210,30,16.02,29.53,48.35,79.93,163.10
11264500,354,12,19,210,30,16.28,31.63,50.10,80.80,165.70
11264500,355,12,20,210,30,16.23,31.98,51.85,80.80,173.20
11264500,356,12,21,210,30,16.23,32.00,54.30,81.15,175.80
11264500,357,12,22,210,30,16.02,32.23,55.00,81.80,175.80
11264500,358,12,23,210,30,15.82,32.23,55.00,83.70,181.90
11264500,359,12,24,210,30,15.17,32.00,55.30,85.23,183.90
11264500,360,12,25,210,30,15.01,32.45,56.55,89.83,188.80
11264500,361,12,26,210,30,15.00,32.00,56.55,95.80,192.60
11264500,362,12,27,210,30,14.42,30.83,56.55,101.00,192.60
11264500,363,12,28,210,30,14.00,30.20,54.50,102.00,192.60
11264500,364,12,29,210,31,13.91,29.88,53.55,103.25,217.80
11264500,365,12,30,210,31,13.18,29.65,53.95,113.25,227.90
11264500,366,12,31,210,31,13.10,29.65,53.55,118.25,231.60
11266500,1,1,1,210,31,24.32,60.25,115.50,240.25,593.20
11266500,2,1,2,210,31,25.04,60.45,129.50,240.25,669.80
11266500,3,1,3,210,31,25.04,62.10,129.50,238.50,716.10
11266500,4,1,4,210,30,25.04,63.90,130.50,236.50,697.20
11266500,5,1,5,210,30,25.11,64.80,131.00,240.25,649.00
11266500,6,1,6,210,30,25.11,66.50,132.50,249.50,697.20
11266500,7,1,7,210,30,25.71,67.40,134.00,260.75,697.20
11266500,8,1,8,210,30,25.69,68.08,135.50,263.50,697.20
11266500,9,1,9,210,30,25.64,70.45,142.00,265.00,649.00
11266500,10,1,10,210,30,24.77,70.45,148.50,265.00,692.20
11266500,11,1,11,210,30,24.09,70.45,152.00,265.00,778.60
11266500,12,1,12,210,30,24.11,70.53,154.00,265.00,800.70
11266500,13,1,13,210,30,30.14,70.43,157.00,269.25,736.50
11266500,14,1,14,210,30,30.14,67.68,160.50,275.00,626.70
11266500,15,1,15,210,30,30.57,67.15,174.50,278.25,626.70
11266500,16,1,16,210,30,31.25,65.63,181.00,280.25,626.70
11266500,17,1,17,210,30,34.41,65.55,187.00,284.75,604.10
11266500,18,1,18,210,30,38.73,70.15,191.00,290.25,586.80
11266500,19,1,19,210,30,40.38,70.73,191.50,294.25,586.80
11266500,20,1,20,210,30,43.30,70.95,198.00,299.25,586.80
11266500,21,1,21,210,30,48.00,72.73,199.50,296.00,584.30
11266500,22,1,22,210,30,49.30,72.73,199.50,304.00,584.30
11266500,23,1,23,210,30,55.02,74.38,198.00,315.25,574.20
11266500,24,1,24,210,30,55.23,78.05,200.00,331.25,563.70
11266500,25,1,25,210,30,55.51,86.88,200.00,327.50,552.00
11266500,26,1,26,210,30,55.64,87.88,200.00,327.50,551.90
11266500,27,1,27,210,30,56.00,89.65,199.50,336.25,551.00
11266500,28,1,28,210,30,56.04,91.98,199.50,343.25,546.90
11266500,29,1,29,210,30,57.19,94.80,192.50,342.25,531.20
11266500,30,1,30,210,30,58.81,99.10,192.50,344.75,514.30
11266500,31,1,31,210,30,58.81,102.18,199.50,352.25,522.20
11266500,32,2,1,210,30,58.98,103.50,208.50,368.75,522.20
11266500,33,2,2,210,30,59.70,104.00,217.50,382.50,532.00
11266500,34,2,3,210,30,59.71,105.50,219.50,384.00,522.20
11266500,35,2,4,210,30,64.32,110.00,224.50,384.25,539.80
11266500,36,2,5,210,30,65.34,110.00,238.00,386.50,593.80
11266500,37,2,6,210,30,79.10,116.00,239.50,391.00,602.40
11266500,38,2,7,210,30,87.18,128.00,243.00,391.00,607.50
11266500,39,2,8,210,30,89.01,134.75,249.50,391.00,602.40
11266500,40,2,9,210,30,91.78,143.00,247.50,392.75,558.60
11266500,41,2,10,210,30,95.96,150.75,251.00,401.25,554.80
11266500,42,2,11,210,30,97.79,152.75,254.00,413.00,552.50
11266500,43,2,12,210,30,105.00,153.00,257.50,419.50,533.20
11266500,44,2,13,210,30,108.30,154.00,257.50,419.50,542.10
11266500,45,2,14,210,30,113.20,156.25,265.00,427.75,566.40
11266500,46,2,15,210,30,111.20,158.50,263.50,430.50,569.90
11266500,47,2,16,210,30,109.10,163.75,269.50,419.50,569.90
11266500,48,2,17,210,30,109.00,174.00,268.50,414.00,569.90
11266500,49,2,18,210,30,108.10,174.00,268.50,394.50,566.70
11266500,50,2,19,210,30,103.20,174.00,268.50,372.25,545.70
11266500,51,2,20,210,30,102.20,173.75,264.50,372.00,524.80
11266500,52,2,21,210,30,101.30,173.00,261.00,370.00,518.80
11266500,53,2,22,210,30,99.47,169.00,262.00,370.00,506.10
11266500,54,2,23,210,30,104.00,165.75,265.50,372.00,495.60
11266500,55,2,24,210,30,105.10,164.25,265.00,379.00,486.60
11266500,56,2,25,210,30,108.30,165.75,261.50,379.00,487.00
11266500,57,2,26,188,30,113.70,169.50,261.00,384.25,491.40
11266500,58,2,27,188,30,122.80,172.25,264.50,390.50,522.10
11266500,59,2,28,188,30,123.70,181.25,270.00,398.00,577.30
11266500,60,2,29,188,30,125.80,189.00,272.00,406.75,664.50
11266500,61,3,1,188,30,123.70,201.00,281.50,407.75,704.20
11266500,62,3,2,188,30,125.80,212.75,285.50,410.25,709.90
11266500,63,3,3,188,30,127.90,222.00,286.50,410.25,708.10
11266500,64,3,4,210,30,131.10,222.75,290.00,414.50,700.60
11266500,65,3,5,210,30,134.20,223.75,287.00,436.25,695.80
11266500,66,3,6,210,30,156.10,226.25,286.50,440.25,670.10
11266500,67,3,7,210,30,161.00,227.00,286.00,464.00,670.10
11266500,68,3,8,210,30,164.00,230.00,288.00,498.50,695.80
11266500,69,3,9,210,30,165.30,234.50,297.50,503.00,708.20
11266500,70,3,10,210,30,170.00,234.50,313.00,547.25,747.70
11266500,71,3,11,210,30,172.10,238.75,328.00,584.00,817.90
11266500,72,3,12,210,30,177.30,244.25,364.00,600.75,858.30
11266500,73,3,13,210,30,194.20,255.50,384.00,631.25,895.60
11266500,74,3,14,210,30,199.30,274.00,414.50,659.25,947.50
11266500,75,3,15,210,30,210.00,283.75,428.00,701.00,992.50
11266500,76,3,16,210,30,221.10,296.00,451.00,728.00,1109.00
11266500,77,3,17,210,30,233.50,304.50,462.50,772.25,1149.00
11266500,78,3,18,210,30,243.80,333.75,482.00,812.75,1189.00
11266500,79,3,19,210,30,259.10,370.00,534.50,837.25,1200.00
11266500,80,3,20,210,30,260.10,391.25,580.50,862.00,1227.00
11266500,81,3,21,210,30,261.20,400.75,619.00,900.00,1257.00
11266500,82,3,22,210,30,261.20,410.50,635.50,921.75,1399.00
11266500,83,3,23,210,30,265.40,427.75,648.50,932.25,1437.00
11266500,84,3,24,210,30,260.60,461.75,651.50,932.25,1467.00
11266500,85,3,25,210,30,297.30,494.00,656.50,932.25,1437.00
11266500,86,3,26,210,30,309.20,510.50,665.50,964.75,1409.00
11266500,87,3,27,210,30,314.30,523.25,667.00,1000.25,1437.00
11266500,88,3,28,210,30,322.10,532.25,670.00,1022.50,1437.00
11266500,89,3,29,210,30,326.00,545.75,674.00,1055.00,1436.00
11266500,90,3,30,210,30,349.00,551.25,706.50,1072.50,1440.00
11266500,91,3,31,210,30,351.10,552.00,729.50,1100.00,1440.00
11266500,92,4,1,210,30,357.10,552.00,770.50,1125.00,1479.00
11266500,93,4,2,210,30,363.30,557.25,802.50,1190.00,1578.00
11266500,94,4,3,210,30,357.10,572.00,837.00,1222.50,1669.00
11266500,95,4,4,210,30,352.50,572.00,874.00,1290.00,1720.00
11266500,96,4,5,210,30,357.60,573.75,903.00,1380.00,1850.00
11266500,97,4,6,210,30,357.60,595.00,919.50,1432.50,1918.00
11266500,98,4,7,210,30,364.40,603.50,923.50,1492.50,1920.00
11266500,99,4,8,210,30,414.70,614.75,954.50,1550.00,1949.00
11266500,100,4,9,210,30,422.10,622.25,988.50,1560.00,2010.00
11266500,101,4,10,210,30,432.20,687.25,1055.00,1612.50,2028.00
11266500,102,4,11,210,30,432.20,739.50,1110.00,1612.50,2010.00
11266500,103,4,12,210,30,441.70,787.75,1115.00,1610.00,2008.00
11266500,104,4,13,210,30,448.70,796.00,1135.00,1610.00,1979.00
11266500,105,4,14,210,30,466.30,819.00,1160.00,1610.00,1979.00
11266500,106,4,15,210,30,485.30,847.25,1195.00,1622.50,1989.00
11266500,107,4,16,210,30,553.60,880.00,1200.00,1642.50,2030.00
11266500,108,4,17,210,30,648.30,919.00,1210.00,1685.00,2098.00
11266500,109,4,18,210,30,662.10,923.00,1230.00,1740.00,2395.00
11266500,110,4,19,210,30,722.30,954.00,1270.00,1830.00,2539.00
11266500,111,4,20,210,30,735.30,961.25,1280.00,1922.50,2630.00
11266500,112,4,21,210,30,739.90,979.00,1310.00,2092.50,2750.00
11266500,113,4,22,210,30,807.10,1007.50,1430.00,2235.00,2825.00
11266500,114,4,23,210,30,819.20,1030.00,1510.00,2300.00,2991.00
11266500,115,4,24,210,30,830.20,1095.00,1660.00,2302.50,3119.00
11266500,116,4,25,210,30,854.30,1130.00,1695.00,2417.50,3227.00
11266500,117,4,26,210,30,880.10,1182.50,1790.00,2440.00,3418.00
11266500,118,4,27,210,30,886.70,1247.50,1835.00,2460.00,3570.00
11266500,119,4,28,210,30,939.60,1380.00,1890.00,2645.00,3649.00
11266500,120,4,29,210,30,939.60,1397.50,1990.00,2737.50,3848.00
11266500,121,4,30,210,30,960.60,1397.50,2065.00,2840.00,3848.00
11266500,122,5,1,210,30,1020.00,1407.50,2065.00,2875.00,3868.00
11266500,123,5,2,210,30,1021.00,1427.50,2060.00,2897.50,3899.00
11266500,124,5,3,210,30,1027.00,1520.00,2055.00,2897.50,3957.00
11266500,125,5,4,210,30,1022.00,1592.50,2060.00,2952.50,4059.00
11266500,126,5,5,210,30,1002.00,1607.50,2090.00,2982.50,4099.00
11266500,127,5,6,210,30,1002.00,1647.50,2110.00,2990.00,4088.00
11266500,128,5,7,210,30,948.20,1667.50,2155.00,2967.50,4099.00
11266500,129,5,8,210,30,909.60,1667.50,2185.00,2990.00,4172.00
11266500,130,5,9,210,30,909.60,1657.50,2195.00,3032.50,4296.00
11266500,131,5,10,210,30,893.70,1600.00,2205.00,3202.50,4336.00
11266500,132,5,11,210,30,905.40,1565.00,2215.00,3270.00,4412.00
11266500,133,5,12,210,30,987.30,1470.00,2230.00,3382.50,4408.00
11266500,134,5,13,210,30,1087.00,1470.00,2240.00,3465.00,4447.00
11266500,135,5,14,210,30,1155.00,1467.50,2260.00,3567.50,4540.00
11266500,136,5,15,210,30,1201.00,1460.00,2285.00,3660.00,4586.00
11266500,137,5,16,210,30,1200.00,1460.00,2305.00,3622.50,4671.00
11266500,138,5,17,210,30,1155.00,1455.00,2380.00,3482.50,4671.00
11266500,139,5,18,210,30,1103.00,1437.50,2390.00,3430.00,4671.00
11266500,140,5,19,210,30,1071.00,1422.50,2285.00,3302.50,5132.00
11266500,141,5,20,210,30,1021.00,1357.50,2195.00,3222.50,5021.00
11266500,142,5,21,210,30,963.40,1287.50,2065.00,3205.00,5021.00
11266500,143,5,22,210,30,907.30,1240.00,2005.00,3110.00,5132.00
11266500,144,5,23,210,30,847.50,1237.50,1960.00,3110.00,5365.00
11266500,145,5,24,210,30,793.40,1227.50,1915.00,3067.50,5167.00
11266500,146,5,25,210,30,766.40,1217.50,1820.00,3000.00,5287.00
11266500,147,5,26,210,30,753.30,1215.00,1830.00,2972.50,5381.00
11266500,148,5,27,210,30,735.60,1197.50,1875.00,2962.50,5381.00
11266500,149,5,28,210,30,706.00,1197.50,1920.00,2975.00,5287.00
11266500,150,5,29,210,30,668.50,1187.50,1950.00,3017.50,5170.00
11266500,151,5,30,210,30,635.90,1165.00,1975.00,3017.50,5170.00
11266500,152,5,31,210,30,635.30,1092.50,1995.00,3042.50,5169.00
11266500,153,6,1,210,30,635.20,883.00,2030.00,3052.50,5124.00
11266500,154,6,2,210,30,626.80,847.25,2060.00,3142.50,5153.00
11266500,155,6,3,210,30,612.70,828.50,2070.00,3180.00,5179.00
11266500,156,6,4,210,30,600.40,782.50,1985.00,3190.00,5314.00
11266500,157,6,5,210,30,573.50,745.25,1900.00,3287.50,5252.00
11266500,158,6,6,210,30,542.30,698.00,1805.00,3287.50,5248.00
11266500,159,6,7,210,30,464.60,674.50,1770.00,3182.50,5136.00
11266500,160,6,8,210,30,425.00,638.25,1695.00,3182.50,5071.00
11266500,161,6,9,210,30,409.20,599.75,1650.00,3135.00,4822.00
11266500,162,6,10,210,30,394.00,579.00,1615.00,3072.50,4729.00
11266500,163,6,11,210,30,353.30,560.75,1535.00,2902.50,4633.00
11266500,164,6,12,210,30,329.00,532.25,1420.00,2872.50,4615.00
11266500,165,6,13,210,30,314.10,480.75,1320.00,2832.50,4712.00
11266500,166,6,14,210,30,310.10,463.25,1260.00,2757.50,4900.00
11266500,167,6,15,210,30,294.20,407.50,1215.00,2680.00,5084.00
11266500,168,6,16,210,30,276.10,363.00,1190.00,2570.00,5316.00
11266500,169,6,17,210,30,246.00,341.00,1140.00,2552.50,5334.00
11266500,170,6,18,210,30,227.00,324.75,1125.00,2535.00,5343.00
11266500,171,6,19,210,30,205.10,316.75,1085.00,2530.00,5343.00
11266500,172,6,20,210,30,194.00,302.75,1040.00,2530.00,5279.00
11266500,173,6,21,210,30,182.10,282.25,981.50,2530.00,4978.00
11266500,174,6,22,210,30,167.10,263.75,942.50,2507.50,4663.00
11266500,175,6,23,210,30,162.30,262.00,916.00,2507.50,4357.00
11266500,176,6,24,210,30,159.20,262.00,832.50,2485.00,3890.00
11266500,177,6,25,210,30,146.20,263.50,772.50,2442.50,3862.00
11266500,178,6,26,210,30,144.00,263.50,743.50,2427.50,3777.00
11266500,179,6,27,210,30,133.40,262.75,722.00,2260.00,3777.00
11266500,180,6,28,210,30,131.20,260.75,699.00,2000.00,3649.00
11266500,181,6,29,210,30,128.10,250.00,639.50,1970.00,3638.00
11266500,182,6,30,210,30,128.10,243.00,560.50,1812.50,3602.00
11266500,183,7,1,210,30,127.10,221.75,519.00,1675.00,3401.00
11266500,184,7,2,210,30,125.10,209.50,486.00,1642.50,3394.00
11266500,185,7,3,210,30,124.10,206.75,467.00,1592.50,3556.00
11266500,186,7,4,210,30,116.20,194.00,442.50,1400.00,3556.00
11266500,187,7,5,210,30,110.20,179.50,409.50,1380.00,3448.00
11266500,188,7,6,210,30,106.10,167.50,390.00,1360.00,3173.00
11266500,189,7,7,210,30,98.83,163.75,362.00,1257.50,2822.00
11266500,190,7,8,210,30,93.97,144.75,340.50,1197.50,2476.00
11266500,191,7,9,210,30,90.77,133.50,327.50,1172.50,2364.00
11266500,192,7,10,210,30,86.31,123.75,312.00,1132.50,2305.00
11266500,193,7,11,210,30,81.06,121.00,298.50,1105.00,2230.00
11266500,194,7,12,210,30,77.88,115.50,289.50,1075.00,2000.00
11266500,195,7,13,210,30,74.14,110.00,274.50,983.00,1850.00
11266500,196,7,14,210,30,71.26,109.00,269.50,953.75,1779.00
11266500,197,7,15,210,30,67.81,107.75,260.50,911.00,1703.00
11266500,198,7,16,210,30,66.22,100.65,250.50,879.25,1529.00
11266500,199,7,17,210,30,63.15,97.53,235.00,867.75,1448.00
11266500,200,7,18,210,30,62.41,94.78,225.50,864.25,1390.00
11266500,201,7,19,210,30,61.15,94.03,217.00,828.00,1359.00
11266500,202,7,20,210,30,59.66,93.53,205.50,746.75,1339.00
11266500,203,7,21,210,30,58.78,89.35,201.50,655.50,1328.00
11266500,204,7,22,210,30,58.78,85.70,192.00,590.75,1303.00
11266500,205,7,23,210,30,58.64,82.30,186.00,557.25,1239.00
11266500,206,7,24,210,30,57.20,81.98,179.50,517.75,1215.00
11266500,207,7,25,210,30,55.74,78.83,171.00,514.50,1088.00
11266500,208,7,26,210,30,54.10,75.35,161.00,506.00,1010.00
11266500,209,7,27,210,30,54.09,72.10,150.00,487.75,987.90
11266500,210,7,28,210,30,52.73,69.00,137.50,433.75,975.30
11266500,211,7,29,210,30,50.94,66.30,129.50,391.75,914.10
11266500,212,7,30,210,30,48.82,61.90,127.50,368.75,812.10
11266500,213,7,31,210,30,47.70,58.98,119.50,360.75,752.80
11266500,214,8,1,210,30,47.02,56.68,115.00,332.75,694.60
11266500,215,8,2,210,30,45.90,55.28,111.50,306.50,694.60
11266500,216,8,3,210,30,44.04,52.40,107.50,297.25,694.60
11266500,217,8,4,210,30,43.06,50.25,102.50,293.50,686.70
11266500,218,8,5,210,30,41.52,48.73,98.80,281.00,640.50
11266500,219,8,6,210,30,40.00,46.70,93.40,263.25,607.40
11266500,220,8,7,210,30,38.44,45.48,90.60,228.25,548.00
11266500,221,8,8,210,30,37.10,44.25,86.40,210.25,517.90
11266500,222,8,9,210,30,34.96,42.78,82.10,202.50,486.30
11266500,223,8,10,210,30,33.72,41.80,75.40,188.25,450.20
11266500,224,8,11,210,30,31.47,41.00,71.00,176.75,431.80
11266500,225,8,12,210,30,30.24,39.75,67.20,169.75,417.60
11266500,226,8,13,210,30,28.37,38.88,64.85,167.00,413.30
11266500,227,8,14,210,30,27.51,37.08,62.55,165.25,385.10
11266500,228,8,15,210,30,26.03,35.95,61.05,157.25,347.90
11266500,229,8,16,210,30,24.81,35.00,60.20,149.00,326.60
11266500,230,8,17,210,30,23.80,34.28,59.00,143.00,322.30
11266500,231,8,18,210,30,23.23,33.70,57.85,135.75,315.20
11266500,232,8,19,210,30,22.31,32.78,54.85,130.25,292.80
11266500,233,8,20,210,30,21.61,32.15,52.60,124.25,272.60
11266500,234,8,21,210,30,21.00,31.88,50.20,119.75,262.50
11266500,235,8,22,210,30,20.51,31.40,49.55,113.25,251.20
11266500,236,8,23,210,30,19.82,30.95,49.25,106.50,233.90
11266500,237,8,24,210,30,19.22,30.43,48.55,105.25,224.90
11266500,238,8,25,210,30,18.61,30.00,48.55,102.75,222.90
11266500,239,8,26,210,30,18.12,29.18,48.70,101.25,220.50
11266500,240,8,27,210,30,17.91,28.38,49.30,100.25,212.60
11266500,241,8,28,210,30,17.80,27.48,48.00,99.43,208.80
11266500,242,8,29,210,30,17.17,26.53,46.50,96.25,203.00
11266500,243,8,30,210,30,16.81,25.78,46.35,93.95,193.90
11266500,244,8,31,210,30,16.27,25.00,45.50,89.23,190.70
11266500,245,9,1,210,30,16.06,24.28,42.90,86.25,181.90
11266500,246,9,2,210,30,16.05,23.88,40.50,84.70,177.40
11266500,247,9,3,210,30,15.47,23.30,38.40,84.30,172.00
11266500,248,9,4,210,30,15.03,23.08,37.45,79.85,172.00
11266500,249,9,5,210,30,14.62,23.00,34.90,78.33,168.90
11266500,250,9,6,210,30,14.49,22.55,34.00,77.13,166.30
11266500,251,9,7,210,30,14.37,22.20,33.30,73.88,154.60
11266500,252,9,8,210,30,14.17,22.00,32.60,69.25,151.00
11266500,253,9,9,210,30,13.79,21.60,31.55,65.03,150.70
11266500,254,9,10,210,30,13.48,21.30,30.95,61.25,151.00
11266500,255,9,11,210,30,13.25,21.00,30.55,58.80,160.00
11266500,256,9,12,210,30,12.97,20.90,30.40,57.00,170.90
11266500,257,9,13,210,30,12.65,20.48,30.00,54.45,170.90
11266500,258,9,14,210,30,12.63,20.15,29.45,52.20,160.90
11266500,259,9,15,210,30,12.62,19.93,29.20,51.18,157.00
11266500,260,9,16,210,30,12.62,19.18,29.35,50.00,144.60
11266500,261,9,17,210,30,12.60,19.00,29.35,49.48,128.80
11266500,262,9,18,210,30,12.96,18.60,29.35,49.08,124.60
11266500,263,9,19,210,30,13.30,18.30,29.15,48.85,118.80
11266500,264,9,20,210,30,13.21,18.30,29.00,47.88,114.70
11266500,265,9,21,210,30,13.11,18.28,28.75,47.35,110.80
11266500,266,9,22,210,30,12.92,18.00,28.40,47.35,106.50
11266500,267,9,23,210,30,12.90,17.95,28.00,47.35,101.49
11266500,268,9,24,210,30,12.90,17.75,27.40,47.35,101.90
11266500,269,9,25,210,30,12.71,17.43,26.90,47.03,100.59
11266500,270,9,26,210,30,12.52,17.00,26.45,46.53,95.80
11266500,271,9,27,210,30,12.31,17.00,25.85,44.85,93.70
11266500,272,9,28,210,31,12.20,17.00,25.70,43.33,88.81
11266500,273,9,29,210,31,12.20,16.98,25.15,42.93,87.97
11266500,274,9,30,210,31,12.20,16.68,24.95,41.43,87.49
11266500,275,10,1,210,31,12.20,16.15,24.80,40.90,85.44
11266500,276,10,2,210,31,12.20,15.98,24.50,41.25,83.93
11266500,277,10,3,210,31,12.21,15.93,24.10,42.68,83.24
11266500,278,10,4,210,30,12.31,15.93,23.95,42.68,83.24
11266500,279,10,5,210,30,12.44,15.80,23.70,42.68,82.00
11266500,280,10,6,210,30,12.31,15.80,23.35,41.75,79.53
11266500,281,10,7,210,30,12.06,15.50,23.25,41.75,77.94
11266500,282,10,8,210,30,11.77,15.15,23.10,40.53,76.06
11266500,283,10,9,210,30,11.65,15.00,23.00,39.53,71.54
11266500,284,10,10,210,30,11.36,14.98,23.00,38.78,69.00
11266500,285,10,11,210,30,11.33,14.90,23.80,38.78,66.94
11266500,286,10,12,210,30,11.41,14.90,24.00,38.78,66.70
11266500,287,10,13,210,30,11.95,14.90,24.00,40.60,68.80
11266500,288,10,14,210,30,12.31,14.90,24.00,41.28,70.80
11266500,289,10,15,210,30,12.31,14.98,24.25,44.43,77.08
11266500,290,10,16,210,30,12.31,15.15,24.65,49.25,96.92
11266500,291,10,17,210,30,12.31,15.28,25.30,50.08,135.00
11266500,292,10,18,210,30,12.31,15.38,26.00,50.48,135.00
11266500,293,10,19,210,30,12.31,15.98,26.50,51.00,135.00
11266500,294,10,20,210,30,12.37,17.70,27.00,51.25,131.40
11266500,295,10,21,210,30,13.00,17.88,27.00,52.15,136.00
11266500,296,10,22,210,30,13.00,17.88,27.00,52.70,150.50
11266500,297,10,23,210,30,13.00,17.78,26.50,52.70,161.40
11266500,298,10,24,210,30,13.00,17.68,27.00,52.15,171.90
11266500,299,10,25,210,30,13.00,17.60,27.30,51.93,185.70
11266500,300,10,26,210,30,13.00,17.60,27.90,51.75,196.30
11266500,301,10,27,210,30,13.02,17.60,28.30,52.08,198.00
11266500,302,10,28,210,30,13.21,17.68,28.30,51.70,217.80
11266500,303,10,29,210,30,13.61,17.98,28.65,52.93,217.80
11266500,304,10,30,210,30,14.54,18.30,33.00,57.90,269.50
11266500,305,10,31,210,30,14.90,18.93,33.00,61.20,299.10
11266500,306,11,1,210,30,14.90,19.85,33.15,63.03,271.60
11266500,307,11,2,210,30,14.94,20.15,33.20,63.03,258.90
11266500,308,11,3,210,30,15.42,20.20,33.45,63.33,257.60
11266500,309,11,4,210,30,16.05,20.98,36.45,64.50,253.60
11266500,310,11,5,210,30,16.05,21.00,38.10,67.83,253.60
11266500,311,11,6,210,30,16.05,21.00,38.50,69.33,253.60
11266500,312,11,7,210,30,16.05,21.00,38.90,70.30,253.60
11266500,313,11,8,210,30,16.52,21.00,40.10,73.63,253.60
11266500,314,11,9,210,30,17.22,21.20,41.05,75.75,254.50
11266500,315,11,10,210,30,18.30,21.20,43.00,82.55,260.40
11266500,316,11,11,210,30,18.70,22.00,45.15,90.83,262.20
11266500,317,11,12,210,30,18.70,23.23,45.35,95.38,262.20
11266500,318,11,13,210,30,18.70,24.43,45.65,105.00,254.20
11266500,319,11,14,210,30,18.72,25.90,45.85,118.00,249.70
11266500,320,11,15,210,30,18.72,25.90,46.45,127.25,249.10
11266500,321,11,16,210,30,18.72,25.98,47.00,129.50,249.10
11266500,322,11,17,210,30,18.72,25.98,48.35,132.25,241.00
11266500,323,11,18,210,30,18.61,26.00,48.45,133.50,240.20
11266500,324,11,19,210,30,18.72,27.00,51.90,137.25,243.70
11266500,325,11,20,210,30,18.92,30.00,52.80,137.25,242.90
11266500,326,11,21,210,30,19.10,30.00,53.45,135.25,242.90
11266500,327,11,22,210,30,20.03,30.38,54.00,132.00,243.50
11266500,328,11,23,210,30,21.83,30.90,55.80,125.25,238.90
11266500,329,11,24,210,30,22.11,31.00,56.40,121.25,243.50
11266500,330,11,25,210,30,22.11,31.00,57.50,117.25,250.30
11266500,331,11,26,210,30,21.83,32.75,58.65,115.25,268.70
11266500,332,11,27,210,30,21.80,32.75,59.35,115.25,271.80
11266500,333,11,28,210,30,21.42,33.75,59.70,115.25,269.50
11266500,334,11,29,210,30,20.92,34.00,59.70,115.25,269.50
11266500,335,11,30,210,30,20.92,36.48,59.95,118.25,275.40
11266500,336,12,1,210,30,21.13,38.18,60.15,124.50,269.50
11266500,337,12,2,210,30,21.42,38.98,62.25,138.50,269.50
11266500,338,12,3,210,30,21.51,42.00,66.00,140.25,275.40
11266500,339,12,4,210,30,23.32,43.00,67.85,138.50,298.50
11266500,340,12,5,210,30,25.12,43.65,71.00,140.25,298.50
11266500,341,12,6,210,30,25.46,43.38,71.45,140.25,298.50
11266500,342,12,7,210,30,25.46,43.00,72.15,140.25,300.30
11266500,343,12,8,210,30,25.47,43.53,72.15,140.25,317.30
11266500,344,12,9,210,30,25.47,43.63,77.80,144.50,319.90
11266500,345,12,10,210,30,25.47,44.23,80.55,147.50,373.90
11266500,346,12,11,210,30,25.19,44.80,81.65,150.25,384.70
11266500,347,12,12,210,30,24.02,45.40,82.75,150.25,422.60
11266500,348,12,13,210,30,24.65,46.98,83.45,154.50,457.50
11266500,349,12,14,210,30,25.05,48.73,84.45,158.00,447.60
11266500,350,12,15,210,30,25.05,49.13,87.35,158.00,425.40
11266500,351,12,16,210,30,25.05,50.70,94.10,158.00,391.80
11266500,352,12,17,210,30,25.55,52.65,96.70,158.75,366.00
11266500,353,12,18,210,30,25.55,55.43,104.50,161.00,358.40
11266500,354,12,19,210,30,25.55,58.55,105.00,161.00,374.50
11266500,355,12,20,210,30,25.96,59.00,107.00,161.50,389.00
11266500,356,12,21,210,30,26.52,61.35,109.50,163.00,417.00
11266500,357,12,22,210,30,26.72,64.50,111.00,163.50,389.90
11266500,358,12,23,210,30,26.72,64.60,110.50,166.50,396.20
11266500,359,12,24,210,30,26.34,64.20,109.50,181.25,419.50
11266500,360,12,25,210,30,26.31,64.15,109.00,188.75,434.90
11266500,361,12,26,210,30,26.31,63.30,108.00,196.00,434.90
11266500,362,12,27,210,30,26.31,61.38,108.00,198.75,439.40
11266500,363,12,28,210,30,25.68,60.65,108.00,204.50,443.90
11266500,364,12,29,210,31,25.31,60.45,106.50,204.50,500.10
11266500,365,12,30,210,31,24.95,60.25,107.50,213.75,521.50
11266500,366,12,31,210,31,24.95,59.85,107.50,231.00,539.80
11274790,1,1,1,133,20,15.80,42.05,79.50,174.00,314.00
11274790,2,1,2,133,20,17.00,42.30,90.90,174.00,332.80
11274790,3,1,3,133,20,17.72,42.90,91.70,174.00,332.80
11274790,4,1,4,133,19,17.72,43.25,91.70,174.00,332.80
11274790,5,1,5,133,19,17.72,43.90,91.70,183.00,335.20
11274790,6,1,6,133,19,17.72,45.60,93.00,191.00,352.80
11274790,7,1,7,132,19,17.54,46.25,93.60,192.25,354.10
11274790,8,1,8,131,19,17.36,46.10,91.70,193.00,336.80
11274790,9,1,9,130,19,16.46,45.83,89.70,193.25,302.90
11274790,10,1,10,129,19,15.50,46.50,88.30,197.50,293.00
11274790,11,1,11,128,19,14.40,47.48,86.80,194.75,277.30
11274790,12,1,12,127,19,14.40,48.60,85.60,195.00,270.40
11274790,13,1,13,126,18,15.94,48.23,81.25,194.25,265.30
11274790,14,1,14,126,18,18.84,49.88,81.25,196.25,266.90
11274790,15,1,15,126,18,20.78,49.88,81.25,202.50,283.40
11274790,16,1,16,126,18,21.11,51.80,85.85,209.25,330.50
11274790,17,1,17,126,18,21.04,49.13,94.35,206.00,359.90
11274790,18,1,18,126,18,21.04,48.75,111.50,209.25,359.90
11274790,19,1,19,126,18,21.04,48.75,114.50,206.00,379.20
11274790,20,1,20,126,18,21.04,48.75,114.50,206.00,404.60
11274790,21,1,21,126,18,20.81,48.75,112.50,206.00,393.50
11274790,22,1,22,126,18,20.45,50.10,115.50,206.00,391.10
11274790,23,1,23,126,18,20.10,50.50,119.50,207.00,377.40
11274790,24,1,24,126,18,20.10,50.60,131.50,222.50,372.20
11274790,25,1,25,126,18,21.23,51.95,140.00,222.50,368.90
11274790,26,1,26,126,18,22.50,54.28,145.50,222.50,334.30
11274790,27,1,27,126,18,34.45,56.73,149.00,221.25,326.60
11274790,28,1,28,126,18,38.38,57.25,151.50,203.25,326.00
11274790,29,1,29,126,18,39.06,62.83,154.00,223.50,322.50
11274790,30,1,30,126,18,40.42,66.90,159.50,223.50,339.10
11274790,31,1,31,126,18,40.97,66.90,161.00,228.25,365.90
11274790,32,2,1,126,18,42.58,65.63,162.50,233.25,368.30
11274790,33,2,2,126,18,46.22,64.35,164.00,248.00,376.90
11274790,34,2,3,126,18,47.16,63.55,168.50,266.25,368.30
11274790,35,2,4,126,18,50.44,63.55,174.00,267.25,368.30
11274790,36,2,5,126,18,54.67,65.88,176.50,267.25,385.10
11274790,37,2,6,126,18,55.39,68.88,178.50,266.25,378.10
11274790,38,2,7,126,18,56.44,80.68,184.00,259.00,373.00
11274790,39,2,8,126,18,57.77,93.18,184.00,255.00,373.00
11274790,40,2,9,126,18,59.11,116.50,181.50,253.25,365.30
11274790,41,2,10,126,18,62.11,129.50,181.50,255.75,373.90
11274790,42,2,11,126,18,70.47,133.75,175.00,262.75,373.90
11274790,43,2,12,126,18,74.17,134.00,171.00,266.25,382.60
11274790,44,2,13,126,18,78.34,133.75,167.00,265.75,404.00
11274790,45,2,14,126,18,78.34,132.25,163.00,265.75,424.30
11274790,46,2,15,126,18,78.79,129.75,163.00,269.50,444.70
11274790,47,2,16,126,18,78.79,128.00,170.00,273.25,444.70
11274790,48,2,17,126,18,76.45,127.00,176.00,267.25,424.30
11274790,49,2,18,126,18,75.58,124.25,183.00,262.25,411.70
11274790,50,2,19,126,18,72.44,118.50,189.50,255.25,388.70
11274790,51,2,20,126,18,73.21,114.50,189.50,253.50,366.00
11274790,52,2,21,126,18,75.91,112.75,189.00,253.00,365.40
11274790,53,2,22,126,18,78.99,112.00,189.00,253.00,365.40
11274790,54,2,23,126,18,82.63,112.00,187.00,252.25,365.40
11274790,55,2,24,126,18,84.04,112.75,187.00,252.00,380.40
11274790,56,2,25,126,18,85.76,115.00,187.00,253.00,383.20
11274790,57,2,26,113,18,85.22,115.00,186.00,254.00,390.80
11274790,58,2,27,113,18,87.06,116.00,187.00,258.00,384.40
11274790,59,2,28,113,18,88.36,118.50,190.00,264.00,399.40
11274790,60,2,29,113,18,89.44,128.50,203.00,265.50,399.40
11274790,61,3,1,113,18,90.86,132.00,211.00,268.50,392.20
11274790,62,3,2,113,18,92.00,138.00,211.00,272.00,389.40
11274790,63,3,3,113,18,106.00,147.50,210.00,280.50,392.20
11274790,64,3,4,126,18,108.70,151.25,212.00,281.50,388.20
11274790,65,3,5,126,18,113.00,162.50,210.50,289.75,388.20
11274790,66,3,6,126,18,119.70,175.00,211.00,281.50,385.60
11274790,67,3,7,126,18,120.00,179.00,210.50,268.00,385.60
11274790,68,3,8,126,18,124.20,179.75,211.50,268.00,380.10
11274790,69,3,9,126,18,119.70,178.00,215.00,279.50,397.00
11274790,70,3,10,126,18,119.70,174.75,217.50,281.25,462.80
11274790,71,3,11,126,18,124.20,174.75,218.50,302.00,479.90
11274790,72,3,12,126,18,127.40,174.75,223.50,324.75,491.30
11274790,73,3,13,126,18,128.70,179.00,238.50,347.50,519.00
11274790,74,3,14,126,18,135.30,184.25,243.50,365.50,534.80
11274790,75,3,15,126,18,143.20,188.00,256.50,392.25,562.90
11274790,76,3,16,126,18,153.70,202.75,273.50,399.75,576.40
11274790,77,3,17,126,18,158.20,216.75,293.50,404.75,576.40
11274790,78,3,18,126,18,162.70,234.00,301.00,422.75,583.80
11274790,79,3,19,126,18,171.40,239.25,305.00,421.75,600.40
11274790,80,3,20,126,18,169.30,242.75,320.00,464.50,600.40
11274790,81,3,21,126,18,169.30,255.75,341.50,470.00,636.70
11274790,82,3,22,126,18,169.30,263.00,361.00,475.00,669.60
11274790,83,3,23,126,18,157.90,269.50,365.00,484.50,698.90
11274790,84,3,24,126,18,143.90,273.75,363.50,487.75,727.00
11274790,85,3,25,126,18,143.60,274.75,367.50,496.25,755.90
11274790,86,3,26,126,18,160.90,276.50,373.00,517.75,719.50
11274790,87,3,27,126,18,199.80,280.75,378.00,533.00,702.40
11274790,88,3,28,126,18,214.40,281.00,385.00,587.25,719.50
11274790,89,3,29,126,18,220.80,286.75,386.50,591.25,720.20
11274790,90,3,30,126,18,222.70,295.00,399.50,596.00,733.90
11274790,91,3,31,126,18,233.90,299.00,436.50,613.75,768.80
11274790,92,4,1,126,18,238.10,299.00,456.50,643.00,865.90
11274790,93,4,2,126,18,242.50,307.50,469.50,651.25,890.60
11274790,94,4,3,126,18,246.70,311.50,474.50,713.75,971.70
11274790,95,4,4,126,18,247.70,327.25,483.00,725.75,1001.60
11274790,96,4,5,126,18,258.90,330.25,505.00,846.25,1036.00
11274790,97,4,6,126,18,268.50,333.50,544.00,871.00,1169.00
11274790,98,4,7,126,18,273.50,338.00,551.00,881.75,1253.00
11274790,99,4,8,126,18,283.50,358.25,577.50,902.75,1263.00
11274790,100,4,9,126,18,301.40,381.25,587.50,897.25,1303.00
11274790,101,4,10,126,18,317.70,455.75,620.00,895.25,1303.00
11274790,102,4,11,126,18,326.40,482.50,643.00,871.75,1265.00
11274790,103,4,12,126,18,339.20,491.00,641.00,871.75,1212.00
11274790,104,4,13,126,18,352.70,491.00,647.50,848.75,1162.00
11274790,105,4,14,126,18,392.80,496.50,679.00,896.50,1150.00
11274790,106,4,15,126,18,427.60,515.25,696.50,908.75,1190.00
11274790,107,4,16,126,18,427.60,532.75,712.50,1002.75,1243.00
11274790,108,4,17,126,18,427.60,555.00,724.00,1070.00,1292.00
11274790,109,4,18,126,18,431.10,590.00,768.00,1110.00,1403.00
11274790,110,4,19,126,18,439.20,617.50,808.00,1195.00,1518.00
11274790,111,4,20,126,18,467.20,624.50,862.50,1280.00,1660.00
11274790,112,4,21,126,18,467.20,672.75,913.00,1375.00,1730.00
11274790,113,4,22,126,18,480.00,684.50,977.00,1425.00,1895.00
11274790,114,4,23,126,18,509.30,699.00,1008.00,1492.50,2008.00
11274790,115,4,24,126,18,539.60,710.25,1035.00,1502.50,2089.00
11274790,116,4,25,126,18,555.40,719.50,1100.00,1502.50,2113.00
11274790,117,4,26,126,18,588.70,760.50,1100.00,1502.50,2113.00
11274790,118,4,27,126,18,650.10,777.75,1115.00,1517.50,2113.00
11274790,119,4,28,126,18,666.40,812.00,1145.00,1575.00,2089.00
11274790,120,4,29,126,18,708.20,821.50,1220.00,1655.00,2089.00
11274790,121,4,30,126,18,770.90,885.00,1260.00,1685.00,2066.00
11274790,122,5,1,126,18,779.40,957.50,1345.00,1735.00,2080.00
11274790,123,5,2,126,18,797.90,1010.00,1390.00,1735.00,2089.00
11274790,124,5,3,126,18,810.90,1075.00,1390.00,1792.50,2120.00
11274790,125,5,4,126,18,810.90,1120.00,1425.00,1832.50,2189.00
11274790,126,5,5,126,18,834.00,1140.00,1445.00,1840.00,2313.00
11274790,127,5,6,126,18,845.80,1177.50,1450.00,1867.50,2375.00
11274790,128,5,7,126,18,853.60,1200.00,1465.00,1950.00,2459.00
11274790,129,5,8,126,18,831.80,1195.00,1510.00,2022.50,2519.00
11274790,130,5,9,126,18,815.70,1177.50,1570.00,2122.50,2610.00
11274790,131,5,10,126,18,815.70,1165.00,1580.00,2207.50,2670.00
11274790,132,5,11,126,18,839.00,1167.50,1605.00,2250.00,2765.00
11274790,133,5,12,126,18,847.10,1232.50,1635.00,2345.00,2872.00
11274790,134,5,13,126,18,853.60,1295.00,1655.00,2307.50,2966.00
11274790,135,5,14,126,18,867.40,1360.00,1655.00,2267.50,3012.00
11274790,136,5,15,126,18,884.00,1360.00,1635.00,2292.50,3079.00
11274790,137,5,16,126,18,948.50,1277.50,1585.00,2237.50,3185.00
11274790,138,5,17,126,18,973.80,1242.50,1585.00,2245.00,3185.00
11274790,139,5,18,126,18,1006.70,1190.00,1555.00,2245.00,3136.00
11274790,140,5,19,126,18,968.90,1167.50,1530.00,2180.00,3136.00
11274790,141,5,20,126,18,922.60,1087.50,1440.00,2100.00,3010.00
11274790,142,5,21,126,18,889.00,1047.50,1395.00,2100.00,2965.00
11274790,143,5,22,127,19,824.40,1010.00,1310.00,2160.00,2878.00
11274790,144,5,23,128,19,811.60,975.75,1295.00,2220.00,2824.00
11274790,145,5,24,129,19,790.00,955.50,1310.00,2220.00,2750.00
11274790,146,5,25,130,19,792.40,935.00,1295.00,2115.00,2849.00
11274790,147,5,26,131,19,805.20,931.00,1310.00,2110.00,3086.00
11274790,148,5,27,132,19,793.90,936.75,1350.00,2102.50,3580.00
11274790,149,5,28,133,19,785.60,935.00,1390.00,2175.00,3808.00
11274790,150,5,29,133,19,801.00,933.00,1420.00,2230.00,3598.00
11274790,151,5,30,133,19,803.40,927.50,1420.00,2295.00,3598.00
11274790,152,5,31,133,19,803.40,909.00,1420.00,2550.00,3748.00
11274790,153,6,1,133,19,801.00,891.50,1320.00,2640.00,4182.00
11274790,154,6,2,133,19,774.80,882.50,1340.00,2705.00,4328.00
11274790,155,6,3,133,19,766.40,865.00,1430.00,2770.00,4572.00
11274790,156,6,4,133,19,728.80,842.00,1410.00,2820.00,4572.00
11274790,157,6,5,133,19,663.20,829.50,1410.00,2805.00,4590.00
11274790,158,6,6,133,19,582.80,808.50,1380.00,2845.00,4590.00
11274790,159,6,7,133,19,524.20,774.00,1370.00,2875.00,4414.00
11274790,160,6,8,133,19,484.40,749.00,1370.00,2835.00,4364.00
11274790,161,6,9,133,19,446.80,667.00,1270.00,2715.00,4216.00
11274790,162,6,10,133,19,425.80,619.00,1250.00,2565.00,4046.00
11274790,163,6,11,133,19,406.40,587.50,1210.00,2420.00,4002.00
11274790,164,6,12,133,19,388.00,513.50,1090.00,2330.00,4094.00
11274790,165,6,13,133,19,354.00,473.00,1070.00,2185.00,4268.00
11274790,166,6,14,133,19,346.40,453.00,1030.00,2170.00,4268.00
11274790,167,6,15,133,19,331.80,417.00,1020.00,2170.00,4426.00
11274790,168,6,16,133,19,301.40,388.00,935.00,2480.00,4588.00
11274790,169,6,17,133,19,277.40,353.00,793.00,3045.00,4426.00
11274790,170,6,18,133,19,251.80,342.00,766.00,3095.00,4534.00
11274790,171,6,19,133,19,236.20,313.00,663.00,3010.00,4478.00
11274790,172,6,20,133,19,231.00,290.00,641.00,2905.00,4454.00
11274790,173,6,21,133,19,224.80,258.00,639.00,2795.00,4438.00
11274790,174,6,22,133,19,206.40,250.50,619.00,2725.00,4146.00
11274790,175,6,23,133,19,201.40,246.00,612.00,2635.00,4050.00
11274790,176,6,24,133,19,185.80,241.00,513.00,2515.00,3858.00
11274790,177,6,25,133,19,163.40,239.00,500.00,2310.00,3804.00
11274790,178,6,26,133,19,150.40,236.50,490.00,2010.00,3792.00
11274790,179,6,27,133,19,143.00,232.50,479.00,1855.00,3760.00
11274790,180,6,28,133,19,139.80,228.00,465.00,1855.00,3706.00
11274790,181,6,29,133,19,138.40,218.00,429.00,1855.00,3646.00
11274790,182,6,30,133,19,138.40,209.00,417.00,1845.00,3602.00
11274790,183,7,1,133,19,138.40,199.50,386.00,1775.00,3546.00
11274790,184,7,2,133,19,136.20,189.50,370.00,1710.00,3428.00
11274790,185,7,3,133,19,132.40,175.50,356.00,1730.00,3204.00
11274790,186,7,4,133,19,123.80,164.00,340.00,1710.00,3372.00
11274790,187,7,5,133,19,116.80,148.00,313.00,1615.00,3500.00
11274790,188,7,6,133,19,113.80,144.50,289.00,1490.00,3312.00
11274790,189,7,7,133,19,106.40,139.00,269.00,1435.00,3092.00
11274790,190,7,8,133,19,100.54,127.50,263.00,1325.00,2702.00
11274790,191,7,9,133,19,97.16,119.00,243.00,1245.00,2596.00
11274790,192,7,10,133,19,92.74,115.00,243.00,1245.00,2566.00
11274790,193,7,11,133,19,90.46,113.50,242.00,1185.00,2332.00
11274790,194,7,12,133,19,87.44,108.00,235.00,1150.00,2162.00
11274790,195,7,13,133,19,86.26,105.50,235.00,1075.00,1986.00
11274790,196,7,14,133,19,82.56,102.50,232.00,1045.00,1856.00
11274790,197,7,15,133,19,78.82,98.85,213.00,980.00,1762.00
11274790,198,7,16,133,19,73.74,96.90,212.00,950.00,1746.00
11274790,199,7,17,133,19,72.16,94.85,204.00,893.00,1616.00
11274790,200,7,18,133,19,71.00,92.15,196.00,775.50,1520.00
11274790,201,7,19,133,19,68.58,89.25,193.00,616.50,1386.00
11274790,202,7,20,133,19,63.38,85.10,184.00,518.50,1376.00
11274790,203,7,21,133,19,61.10,81.00,176.00,518.50,1366.00
11274790,204,7,22,133,19,60.24,77.90,167.00,488.00,1296.00
11274790,205,7,23,133,19,58.90,77.15,160.00,454.00,1236.00
11274790,206,7,24,133,19,56.30,74.00,156.00,437.50,1188.00
11274790,207,7,25,133,19,54.32,71.50,145.00,432.50,1146.00
11274790,208,7,26,133,19,52.42,68.20,125.00,420.00,1128.00
11274790,209,7,27,133,19,51.66,66.30,118.00,390.00,1060.00
11274790,210,7,28,133,19,50.82,64.10,115.00,293.50,1042.00
11274790,211,7,29,133,19,49.68,61.10,106.00,269.00,1016.00
11274790,212,7,30,133,19,48.96,58.70,96.40,263.00,912.80
11274790,213,7,31,133,19,46.88,56.35,96.10,244.50,846.00
11274790,214,8,1,133,19,44.54,53.75,105.00,227.00,797.20
11274790,215,8,2,133,19,43.18,52.75,97.60,227.00,758.40
11274790,216,8,3,133,19,42.14,50.90,96.20,217.50,750.60
11274790,217,8,4,133,19,39.68,49.80,92.90,207.00,721.00
11274790,218,8,5,133,19,37.90,47.35,86.00,179.00,677.20
11274790,219,8,6,133,19,35.82,44.60,84.20,165.00,615.20
11274790,220,8,7,133,19,33.94,44.00,76.10,143.50,580.60
11274790,221,8,8,133,19,33.10,41.20,71.90,130.50,551.80
11274790,222,8,9,133,19,30.92,38.85,66.70,122.50,524.60
11274790,223,8,10,133,19,29.80,36.40,63.30,113.50,499.00
11274790,224,8,11,133,19,29.12,34.30,61.50,105.00,480.60
11274790,225,8,12,133,19,27.38,33.05,58.60,100.15,458.00
11274790,226,8,13,133,19,26.18,31.80,55.10,94.70,439.00
11274790,227,8,14,133,19,25.36,30.20,49.90,89.45,422.40
11274790,228,8,15,133,19,24.46,30.05,48.30,85.65,400.40
11274790,229,8,16,133,19,23.78,30.05,44.40,85.65,381.20
11274790,230,8,17,133,19,23.48,29.70,42.50,88.70,372.60
11274790,231,8,18,133,19,23.04,28.65,41.80,84.25,365.00
11274790,232,8,19,133,19,22.48,28.25,40.10,79.55,346.00
11274790,233,8,20,133,19,21.88,27.70,39.70,76.40,338.20
11274790,234,8,21,133,19,20.74,27.20,39.20,86.10,321.80
11274790,235,8,22,133,19,20.14,26.65,38.60,91.85,315.00
11274790,236,8,23,133,19,19.68,26.15,36.50,91.85,310.40
11274790,237,8,24,133,19,19.44,25.55,35.90,94.85,301.40
11274790,238,8,25,133,19,19.44,24.05,35.10,102.45,292.80
11274790,239,8,26,133,19,19.04,23.80,32.80,102.45,282.40
11274790,240,8,27,133,19,18.46,22.60,31.10,102.45,274.60
11274790,241,8,28,133,19,17.78,21.50,30.30,81.40,268.40
11274790,242,8,29,133,19,17.14,21.10,28.40,67.35,256.00
11274790,243,8,30,133,19,16.80,19.50,27.50,63.05,237.20
11274790,244,8,31,133,19,16.34,18.85,26.30,58.85,229.00
11274790,245,9,1,133,19,15.38,18.25,26.20,55.95,215.40
11274790,246,9,2,133,19,14.56,18.00,25.40,52.05,202.00
11274790,247,9,3,133,19,13.88,17.60,25.10,49.35,187.00
11274790,248,9,4,133,19,13.00,17.00,24.60,44.95,173.40
11274790,249,9,5,133,19,11.88,16.00,23.60,42.45,162.60
11274790,250,9,6,133,19,10.98,15.45,22.90,39.15,153.60
11274790,251,9,7,133,19,10.50,14.90,21.70,36.10,150.80
11274790,252,9,8,133,19,10.44,14.70,21.20,33.00,150.40
11274790,253,9,9,133,19,10.28,14.70,20.30,30.50,160.60
11274790,254,9,10,133,19,10.20,14.70,20.10,30.00,168.60
11274790,255,9,11,133,19,9.92,14.55,19.50,30.35,172.80
11274790,256,9,12,133,19,9.65,14.35,19.10,30.35,179.20
11274790,257,9,13,133,19,9.39,13.85,18.70,30.35,179.20
11274790,258,9,14,133,19,9.36,13.45,18.20,29.65,167.40
11274790,259,9,15,133,19,9.36,12.90,18.00,29.55,160.40
11274790,260,9,16,133,19,9.36,12.55,17.30,29.55,147.20
11274790,261,9,17,133,19,9.20,12.45,16.60,30.35,132.20
11274790,262,9,18,133,19,8.60,12.20,16.20,30.50,127.00
11274790,263,9,19,133,19,8.28,12.10,16.00,31.00,119.40
11274790,264,9,20,133,19,8.28,11.65,15.60,32.10,116.00
11274790,265,9,21,133,19,8.16,10.85,15.50,32.35,113.60
11274790,266,9,22,133,19,8.10,10.35,15.60,32.65,110.60
11274790,267,9,23,133,19,8.06,9.84,16.50,32.65,105.40
11274790,268,9,24,133,19,7.68,9.27,16.50,32.65,98.26
11274790,269,9,25,133,19,7.25,8.94,16.40,32.35,94.80
11274790,270,9,26,133,19,6.89,8.60,15.20,31.35,88.46
11274790,271,9,27,133,19,6.78,8.04,14.40,29.85,84.96
11274790,272,9,28,132,19,6.76,7.79,13.60,27.83,81.31
11274790,273,9,29,131,19,6.64,7.76,13.40,27.10,81.44
11274790,274,9,30,130,19,6.42,7.74,13.45,25.75,81.57
11274790,275,10,1,129,19,6.25,7.73,13.70,25.65,81.70
11274790,276,10,2,128,19,6.13,7.86,14.05,26.13,81.93
11274790,277,10,3,127,19,5.94,8.10,15.30,26.20,82.48
11274790,278,10,4,126,18,5.85,8.24,15.50,26.73,85.84
11274790,279,10,5,126,18,5.73,8.60,16.05,28.70,86.61
11274790,280,10,6,126,18,5.70,9.71,16.25,30.83,87.09
11274790,281,10,7,126,18,5.68,10.03,16.15,35.75,89.81
11274790,282,10,8,126,18,5.68,10.03,15.80,30.83,93.57
11274790,283,10,9,126,18,5.70,10.03,15.50,27.43,93.57
11274790,284,10,10,127,19,5.74,10.40,15.30,26.60,97.04
11274790,285,10,11,128,19,6.00,10.53,14.90,26.00,100.40
11274790,286,10,12,129,19,6.78,10.55,14.50,25.40,104.00
11274790,287,10,13,130,19,7.52,10.68,14.35,39.48,108.90
11274790,288,10,14,131,19,7.49,11.00,14.00,40.30,211.80
11274790,289,10,15,132,19,7.49,11.10,14.00,41.13,218.10
11274790,290,10,16,133,19,7.53,11.10,14.00,41.65,235.80
11274790,291,10,17,133,19,7.53,10.90,14.50,42.60,254.20
11274790,292,10,18,133,19,7.51,10.70,15.10,44.40,248.20
11274790,293,10,19,133,19,7.19,10.65,14.60,62.70,238.20
11274790,294,10,20,133,19,7.19,10.75,14.60,82.40,215.60
11274790,295,10,21,133,19,8.36,10.75,14.50,99.40,225.00
11274790,296,10,22,133,19,8.36,10.60,14.20,96.80,240.20
11274790,297,10,23,133,19,8.29,10.45,13.90,93.35,251.40
11274790,298,10,24,133,19,8.21,10.40,13.90,87.95,252.20
11274790,299,10,25,133,19,8.21,10.35,13.90,84.65,297.60
11274790,300,10,26,133,19,8.21,10.30,13.90,84.65,384.60
11274790,301,10,27,133,19,7.93,10.10,13.70,83.55,523.80
11274790,302,10,28,133,19,7.58,9.97,13.70,80.95,495.00
11274790,303,10,29,133,19,7.79,9.91,14.10,80.95,452.00
11274790,304,10,30,133,19,8.33,9.99,17.20,83.55,446.60
11274790,305,10,31,133,19,8.56,10.20,19.20,97.25,431.40
11274790,306,11,1,133,19,8.95,10.50,26.20,99.35,413.40
11274790,307,11,2,133,19,8.99,10.80,26.20,103.50,389.00
11274790,308,11,3,133,19,9.13,10.90,26.20,109.00,371.60
11274790,309,11,4,133,19,9.30,10.85,26.40,124.50,354.60
11274790,310,11,5,133,19,9.30,10.80,25.00,131.50,326.40
11274790,311,11,6,133,19,9.11,10.60,25.00,131.50,309.20
11274790,312,11,7,133,19,8.96,10.35,25.00,131.50,319.20
11274790,313,11,8,133,19,8.93,10.30,25.60,130.50,311.60
11274790,314,11,9,133,19,8.93,10.30,25.60,135.00,308.20
11274790,315,11,10,133,19,8.94,10.30,25.60,138.00,302.80
11274790,316,11,11,133,19,9.01,10.30,26.00,150.50,302.40
11274790,317,11,12,133,19,9.13,10.50,28.60,161.50,302.40
11274790,318,11,13,133,19,9.18,11.25,31.00,161.50,297.60
11274790,319,11,14,133,19,9.23,11.40,33.10,164.00,289.40
11274790,320,11,15,133,19,9.28,11.80,48.50,168.00,286.00
11274790,321,11,16,133,19,9.29,13.80,50.00,169.00,284.00
11274790,322,11,17,133,19,9.30,14.00,50.20,174.50,263.20
11274790,323,11,18,133,19,9.38,14.00,51.60,179.00,254.20
11274790,324,11,19,133,19,9.45,14.40,51.60,172.50,251.80
11274790,325,11,20,133,19,9.74,15.25,52.40,165.00,240.20
11274790,326,11,21,133,19,10.10,16.25,52.90,155.00,238.20
11274790,327,11,22,133,19,10.04,21.55,52.40,149.00,235.80
11274790,328,11,23,133,19,9.80,24.10,49.90,142.50,237.00
11274790,329,11,24,133,19,9.74,26.60,49.40,138.00,252.20
11274790,330,11,25,133,19,9.61,26.95,48.70,134.50,264.00
11274790,331,11,26,133,19,9.56,26.95,49.10,131.00,257.40
11274790,332,11,27,133,19,9.34,26.25,48.70,128.50,257.40
11274790,333,11,28,133,19,9.29,25.50,46.80,125.50,255.00
11274790,334,11,29,133,19,9.29,26.85,48.70,122.00,255.00
11274790,335,11,30,133,19,9.29,28.00,49.20,123.50,255.00
11274790,336,12,1,133,19,9.29,28.60,51.90,127.50,255.00
11274790,337,12,2,133,19,9.17,29.60,54.20,123.50,255.00
11274790,338,12,3,133,19,9.20,30.75,54.60,122.50,263.00
11274790,339,12,4,133,19,14.28,31.30,56.80,120.50,263.00
11274790,340,12,5,133,19,19.44,31.05,59.30,120.00,264.60
11274790,341,12,6,133,19,19.20,30.95,59.30,119.00,260.80
11274790,342,12,7,133,19,19.20,30.95,61.70,118.50,256.80
11274790,343,12,8,133,19,19.20,30.60,59.30,112.00,256.80
11274790,344,12,9,133,19,19.20,30.60,57.50,113.50,256.80
11274790,345,12,10,133,19,19.20,30.60,60.00,116.00,256.80
11274790,346,12,11,133,19,18.96,30.55,61.90,120.00,256.80
11274790,347,12,12,133,19,18.56,31.05,61.90,125.50,293.40
11274790,348,12,13,133,19,18.56,31.45,61.90,133.50,323.40
11274790,349,12,14,133,19,18.44,31.70,62.00,142.50,323.40
11274790,350,12,15,133,19,18.62,33.75,63.20,142.50,323.40
11274790,351,12,16,133,19,18.62,35.85,72.50,146.50,323.40
11274790,352,12,17,133,19,18.08,37.55,72.50,147.50,320.40
11274790,353,12,18,133,19,18.08,38.90,62.00,146.50,321.60
11274790,354,12,19,133,19,18.08,41.00,66.00,146.50,321.60
11274790,355,12,20,133,19,18.08,41.65,70.80,147.50,321.60
11274790,356,12,21,133,19,18.24,44.30,72.80,147.50,321.60
11274790,357,12,22,133,19,16.94,46.90,75.20,147.50,321.60
11274790,358,12,23,133,19,16.38,47.15,75.20,153.50,308.80
11274790,359,12,24,133,19,16.06,46.90,75.20,174.50,308.80
11274790,360,12,25,133,19,16.30,46.05,80.90,182.00,329.80
11274790,361,12,26,133,19,16.30,45.45,81.30,183.50,301.60
11274790,362,12,27,133,19,16.30,45.15,81.30,188.50,300.80
11274790,363,12,28,133,19,16.30,44.65,81.30,189.50,300.80
11274790,364,12,29,133,20,16.30,44.40,79.50,189.50,300.80
11274790,365,12,30,133,20,16.00,43.70,79.50,183.50,322.40
11274790,366,12,31,133,20,16.00,43.35,73.70,177.00,307.60
11276500,1,1,1,210,31,38.00,43.63,51.60,58.75,120.70
11276500,2,1,2,210,31,38.00,43.15,51.40,59.25,120.40
11276500,3,1,3,210,31,38.00,43.00,51.00,58.08,120.40
11276500,4,1,4,210,30,38.00,42.30,50.00,57.40,110.90
11276500,5,1,5,210,30,37.82,42.00,50.00,56.90,112.70
11276500,6,1,6,210,30,37.44,42.00,50.25,57.43,110.80
11276500,7,1,7,210,30,37.31,42.00,50.55,58.23,110.80
11276500,8,1,8,210,30,37.19,42.00,51.10,58.40,110.80
11276500,9,1,9,210,30,37.19,42.00,51.10,58.53,110.80
11276500,10,1,10,210,30,36.11,42.00,50.45,58.60,110.80
11276500,11,1,11,210,30,36.11,42.00,50.35,58.60,110.80
11276500,12,1,12,210,30,36.11,42.00,50.20,58.70,110.80
11276500,13,1,13,210,30,36.11,42.00,50.05,58.70,113.60
11276500,14,1,14,210,30,38.00,42.75,49.75,58.83,113.30
11276500,15,1,15,210,30,38.00,43.75,49.70,58.73,115.90
11276500,16,1,16,210,30,38.00,44.45,49.70,58.43,116.90
11276500,17,1,17,210,30,38.65,44.00,49.70,58.90,117.00
11276500,18,1,18,210,30,39.21,44.00,49.70,58.90,118.90
11276500,19,1,19,210,30,39.36,44.00,49.65,58.43,119.00
11276500,20,1,20,210,30,39.91,43.88,51.00,58.03,119.00
11276500,21,1,21,210,30,40.40,43.88,52.60,57.85,119.90
11276500,22,1,22,210,30,40.13,43.60,53.15,58.00,119.90
11276500,23,1,23,210,30,40.00,43.50,53.10,58.28,119.90
11276500,24,1,24,210,30,40.01,43.48,53.10,58.18,119.90
11276500,25,1,25,210,30,40.01,43.40,53.10,58.18,121.80
11276500,26,1,26,210,30,40.00,43.38,53.45,60.65,121.60
11276500,27,1,27,210,30,40.00,43.30,53.45,60.80,122.00
11276500,28,1,28,210,30,40.00,43.30,53.95,61.70,121.80
11276500,29,1,29,210,30,40.00,43.48,54.55,63.53,119.90
11276500,30,1,30,210,30,40.00,45.85,55.00,66.20,120.90
11276500,31,1,31,210,30,40.00,46.85,57.60,69.00,122.00
11276500,32,2,1,210,30,39.40,50.40,59.40,72.38,123.80
11276500,33,2,2,210,30,39.22,52.00,60.85,74.13,124.90
11276500,34,2,3,210,30,38.48,55.10,61.60,75.35,127.80
11276500,35,2,4,210,30,38.03,57.28,62.75,81.38,132.00
11276500,36,2,5,210,30,37.91,57.48,62.80,84.93,133.90
11276500,37,2,6,210,30,38.00,57.18,62.55,90.35,133.90
11276500,38,2,7,210,30,38.01,56.90,62.50,93.78,133.90
11276500,39,2,8,210,30,38.21,55.45,62.20,93.78,133.90
11276500,40,2,9,210,30,38.37,55.03,62.00,85.48,133.00
11276500,41,2,10,210,30,39.21,54.15,62.00,87.05,133.00
11276500,42,2,11,210,30,39.32,54.00,62.00,87.30,133.00
11276500,43,2,12,210,30,39.32,53.90,62.00,92.55,132.90
11276500,44,2,13,210,30,39.21,53.90,62.05,92.55,131.90
11276500,45,2,14,210,30,38.48,53.98,63.50,94.00,131.90
11276500,46,2,15,210,30,38.31,53.98,64.10,102.75,131.90
11276500,47,2,16,210,30,37.55,55.10,64.35,120.00,135.90
11276500,48,2,17,210,30,36.67,55.35,64.70,120.50,137.90
11276500,49,2,18,210,30,36.04,55.50,64.70,120.50,141.60
11276500,50,2,19,210,30,35.86,55.50,64.70,122.00,141.60
11276500,51,2,20,210,30,35.75,55.50,64.70,122.00,142.00
11276500,52,2,21,210,30,35.80,55.50,64.00,121.00,142.00
11276500,53,2,22,210,30,35.82,55.65,64.00,121.25,143.80
11276500,54,2,23,210,30,36.00,55.78,64.00,121.00,143.80
11276500,55,2,24,210,30,36.02,55.88,64.00,121.00,141.90
11276500,56,2,25,210,30,36.33,55.90,64.90,121.25,141.90
11276500,57,2,26,188,30,36.18,55.90,65.35,121.00,141.10
11276500,58,2,27,188,30,37.78,55.90,65.30,125.00,141.00
11276500,59,2,28,188,30,37.78,54.70,65.35,125.00,141.00
11276500,60,2,29,188,30,37.52,53.78,65.70,128.75,141.00
11276500,61,3,1,188,30,37.52,53.00,65.95,129.75,141.10
11276500,62,3,2,188,30,36.80,52.85,66.05,131.75,143.00
11276500,63,3,3,188,30,36.80,52.35,66.60,132.75,144.10
11276500,64,3,4,210,30,36.82,52.00,66.30,133.00,144.90
11276500,65,3,5,210,30,36.80,51.30,66.30,132.25,144.90
11276500,66,3,6,210,30,36.82,50.98,66.15,132.25,151.30
11276500,67,3,7,210,30,37.00,50.88,66.15,131.00,185.30
11276500,68,3,8,210,30,36.82,50.78,66.05,130.00,191.60
11276500,69,3,9,210,30,36.80,50.58,66.05,130.00,189.80
11276500,70,3,10,210,30,36.80,50.65,66.05,130.00,193.90
11276500,71,3,11,210,30,36.80,50.78,67.10,132.25,192.90
11276500,72,3,12,210,30,36.62,50.93,68.50,134.25,191.90
11276500,73,3,13,210,30,36.24,50.93,69.10,137.00,190.80
11276500,74,3,14,210,30,35.93,51.00,106.50,137.25,190.80
11276500,75,3,15,210,30,35.54,51.00,116.50,138.00,188.90
11276500,76,3,16,210,30,36.93,51.00,117.50,138.00,187.90
11276500,77,3,17,210,30,37.41,51.00,118.50,138.00,186.90
11276500,78,3,18,210,30,37.41,51.00,122.00,138.00,186.90
11276500,79,3,19,210,30,37.41,50.95,124.50,138.00,186.90
11276500,80,3,20,210,30,38.40,50.78,125.00,136.00,186.90
11276500,81,3,21,210,30,38.40,50.80,127.50,136.25,186.00
11276500,82,3,22,210,30,38.41,50.80,128.00,138.00,186.90
11276500,83,3,23,210,30,38.54,50.95,129.00,138.25,227.60
11276500,84,3,24,210,30,38.92,51.08,129.00,138.00,462.60
11276500,85,3,25,210,30,39.20,51.03,129.50,138.00,471.30
11276500,86,3,26,210,30,40.24,51.48,130.00,138.00,321.30
11276500,87,3,27,210,30,40.23,51.60,130.00,138.25,242.90
11276500,88,3,28,210,30,40.23,51.48,130.00,139.00,241.80
11276500,89,3,29,210,30,39.15,53.55,130.00,144.00,238.90
11276500,90,3,30,210,30,38.59,57.23,131.00,148.00,238.00
11276500,91,3,31,210,30,38.32,61.08,131.00,149.25,238.00
11276500,92,4,1,210,30,38.14,62.80,131.00,150.25,237.90
11276500,93,4,2,210,30,38.95,63.28,133.50,152.00,237.90
11276500,94,4,3,210,30,41.21,63.98,139.00,152.25,237.90
11276500,95,4,4,210,30,41.30,66.50,140.00,152.25,237.90
11276500,96,4,5,210,30,41.30,67.75,143.00,152.00,237.90
11276500,97,4,6,210,30,41.31,68.00,143.00,152.00,237.90
11276500,98,4,7,210,30,41.45,67.75,144.00,152.00,430.90
11276500,99,4,8,210,30,41.90,67.00,144.00,152.00,799.60
11276500,100,4,9,210,30,41.90,66.95,144.00,152.25,871.00
11276500,101,4,10,210,30,41.90,67.00,144.00,153.00,902.80
11276500,102,4,11,210,30,41.45,68.00,143.00,153.00,908.80
11276500,103,4,12,210,30,40.92,69.40,143.00,154.25,913.50
11276500,104,4,13,210,30,41.01,72.70,143.50,159.00,971.60
11276500,105,4,14,210,30,41.01,74.00,144.00,160.25,982.50
11276500,106,4,15,210,30,41.01,84.10,144.50,169.00,995.70
11276500,107,4,16,210,30,41.01,103.75,145.00,170.25,1044.60
11276500,108,4,17,210,30,41.01,105.00,146.00,194.00,1046.00
11276500,109,4,18,210,30,41.01,108.00,147.00,213.50,1007.30
11276500,110,4,19,210,30,43.61,110.50,148.00,227.75,1006.80
11276500,111,4,20,210,30,43.59,114.75,148.00,230.25,1037.00
11276500,112,4,21,210,30,43.44,127.25,149.00,231.25,1040.00
11276500,113,4,22,210,30,41.42,129.75,149.00,232.25,1110.00
11276500,114,4,23,210,30,39.16,129.25,149.50,190.75,1150.00
11276500,115,4,24,210,30,38.08,127.75,149.50,191.75,1403.00
11276500,116,4,25,210,30,38.08,128.75,150.00,241.50,1685.00
11276500,117,4,26,210,30,38.08,128.00,150.00,410.50,1979.00
11276500,118,4,27,210,30,47.80,128.00,151.50,417.75,2098.00
11276500,119,4,28,210,30,47.81,128.75,154.50,420.00,2199.00
11276500,120,4,29,210,30,50.66,129.75,159.50,481.50,2381.00
11276500,121,4,30,210,30,52.51,130.00,162.50,912.75,2840.00
11276500,122,5,1,210,30,56.80,138.75,168.00,966.75,2959.00
11276500,123,5,2,210,30,57.02,145.75,171.50,995.50,2989.00
11276500,124,5,3,210,30,57.61,153.00,176.50,997.50,3035.00
11276500,125,5,4,210,30,59.06,154.75,181.50,1032.50,3193.00
11276500,126,5,5,210,30,60.03,154.75,186.00,1372.50,3209.00
11276500,127,5,6,210,30,60.12,153.75,188.50,1512.50,3283.00
11276500,128,5,7,210,30,61.11,153.00,191.00,1590.00,3438.00
11276500,129,5,8,210,30,61.70,148.75,195.00,1657.50,3476.00
11276500,130,5,9,210,30,61.97,148.00,200.00,1985.00,3489.00
11276500,131,5,10,210,30,62.33,144.00,208.50,2492.50,3972.00
11276500,132,5,11,210,30,62.42,145.00,213.00,2632.50,3999.00
11276500,133,5,12,210,30,62.42,147.25,216.00,2972.50,4130.00
11276500,134,5,13,210,30,62.51,148.00,249.00,3087.50,4472.00
11276500,135,5,14,210,30,63.14,148.00,555.00,3210.00,4683.00
11276500,136,5,15,210,30,66.78,150.00,869.50,3292.50,5057.00
11276500,137,5,16,210,30,84.60,152.00,1080.00,3570.00,5283.00
11276500,138,5,17,210,30,84.64,153.75,1120.00,3782.50,5606.00
11276500,139,5,18,210,30,85.00,161.50,1120.00,3930.00,5932.00
11276500,140,5,19,210,30,85.10,164.75,1120.00,3625.00,6122.00
11276500,141,5,20,210,30,85.16,165.75,1120.00,3445.00,6149.00
11276500,142,5,21,210,30,85.70,166.00,1120.00,3277.50,6159.00
11276500,143,5,22,210,30,85.70,166.75,1115.00,3205.00,6159.00
11276500,144,5,23,210,30,85.61,166.75,915.50,3182.50,6178.00
11276500,145,5,24,210,30,85.61,173.25,868.00,3145.00,6207.00
11276500,146,5,25,210,30,85.51,173.75,904.50,2967.50,6304.00
11276500,147,5,26,210,30,85.51,173.75,882.00,2710.00,6373.00
11276500,148,5,27,210,30,85.51,173.00,850.00,2685.00,6304.00
11276500,149,5,28,210,30,85.51,172.75,850.00,2665.00,6224.00
11276500,150,5,29,210,30,85.73,172.75,918.00,2660.00,5935.00
11276500,151,5,30,210,30,87.02,173.00,1080.00,2642.50,5415.00
11276500,152,5,31,210,30,85.30,172.75,1235.00,2652.50,4937.00
11276500,153,6,1,210,30,84.67,171.00,1260.00,2642.50,4909.00
11276500,154,6,2,210,30,80.39,171.75,1270.00,2680.00,4900.00
11276500,155,6,3,210,30,79.66,182.50,1300.00,2752.50,4849.00
11276500,156,6,4,210,30,79.60,184.50,1285.00,2915.00,4857.00
11276500,157,6,5,210,30,79.23,186.50,1240.00,3017.50,4909.00
11276500,158,6,6,210,30,77.79,187.75,1090.00,3147.50,4918.00
11276500,159,6,7,210,30,77.79,186.50,1060.00,3197.50,5452.00
11276500,160,6,8,210,30,78.06,178.75,1030.00,3235.00,5537.00
11276500,161,6,9,210,30,78.06,166.75,1010.00,3125.00,6018.00
11276500,162,6,10,210,30,78.06,164.50,997.50,3065.00,5993.00
11276500,163,6,11,210,30,78.06,162.00,997.50,2765.00,5930.00
11276500,164,6,12,210,30,78.06,158.75,949.00,2757.50,5927.00
11276500,165,6,13,210,30,78.32,148.00,887.50,2757.50,5900.00
11276500,166,6,14,210,30,78.39,130.75,841.00,2632.50,5898.00
11276500,167,6,15,210,30,78.12,124.50,794.00,2632.50,5849.00
11276500,168,6,16,210,30,78.30,121.75,760.50,2632.50,5800.00
11276500,169,6,17,210,30,78.51,121.00,737.50,2707.50,5710.00
11276500,170,6,18,210,30,77.57,121.00,636.00,2825.00,5559.00
11276500,171,6,19,210,30,77.04,119.75,555.00,2825.00,5539.00
11276500,172,6,20,210,30,77.04,118.00,531.00,2662.50,5528.00
11276500,173,6,21,210,30,77.04,116.00,520.00,2910.00,5487.00
11276500,174,6,22,210,30,77.04,115.00,482.00,2910.00,5301.00
11276500,175,6,23,210,30,76.77,114.75,453.00,2472.50,5191.00
11276500,176,6,24,210,30,76.68,114.00,404.00,2290.00,4928.00
11276500,177,6,25,210,30,76.68,114.00,299.50,2072.50,4910.00
11276500,178,6,26,210,30,76.68,114.00,237.50,1952.50,4891.00
11276500,179,6,27,210,30,76.71,114.00,215.00,1935.00,4681.00
11276500,180,6,28,210,30,77.13,114.00,198.50,1907.50,4224.00
11276500,181,6,29,210,30,75.81,114.00,195.00,1692.50,4118.00
11276500,182,6,30,210,30,75.71,114.00,189.00,1582.50,4093.00
11276500,183,7,1,210,30,75.70,113.00,166.50,1510.00,4012.00
11276500,184,7,2,210,30,75.60,112.00,141.00,1222.50,3847.00
11276500,185,7,3,210,30,75.60,112.00,133.50,1180.00,3802.00
11276500,186,7,4,210,30,75.60,112.00,132.00,1097.50,4019.00
11276500,187,7,5,210,30,75.60,112.00,131.00,923.25,4118.00
11276500,188,7,6,210,30,75.60,112.00,131.00,857.50,4262.00
11276500,189,7,7,210,30,75.60,112.00,131.00,784.75,4237.00
11276500,190,7,8,210,30,75.51,112.00,130.00,783.00,4019.00
11276500,191,7,9,210,30,75.51,112.00,127.50,699.00,3915.00
11276500,192,7,10,210,30,75.50,112.00,126.00,709.50,3565.00
11276500,193,7,11,210,30,75.32,112.00,126.00,774.00,3208.00
11276500,194,7,12,210,30,75.30,112.00,125.50,674.50,2700.00
11276500,195,7,13,210,30,75.30,112.00,124.50,643.25,2589.00
11276500,196,7,14,210,30,75.11,112.00,124.00,578.50,2349.00
11276500,197,7,15,210,30,74.93,112.00,124.50,487.00,2087.00
11276500,198,7,16,210,30,74.93,113.00,125.00,330.50,1940.00
11276500,199,7,17,210,30,75.11,113.00,125.00,259.50,1849.00
11276500,200,7,18,210,30,75.11,113.00,125.00,228.00,1739.00
11276500,201,7,19,210,30,75.11,113.00,125.00,218.00,1549.00
11276500,202,7,20,210,30,75.20,113.00,125.00,196.00,1522.00
11276500,203,7,21,210,30,75.20,113.00,124.50,191.00,1327.00
11276500,204,7,22,210,30,75.20,112.75,124.00,165.25,1301.40
11276500,205,7,23,210,30,75.20,112.00,124.00,143.00,950.00
11276500,206,7,24,210,30,75.20,112.00,124.00,142.00,913.50
11276500,207,7,25,210,30,75.20,112.00,124.00,141.25,884.70
11276500,208,7,26,210,30,75.20,112.00,124.00,140.00,848.80
11276500,209,7,27,210,30,75.11,112.00,124.00,140.00,822.10
11276500,210,7,28,210,30,75.11,112.00,123.50,140.00,688.40
11276500,211,7,29,210,30,75.11,113.00,123.00,139.00,555.80
11276500,212,7,30,210,30,75.11,113.00,124.00,138.00,423.60
11276500,213,7,31,210,30,75.17,113.00,124.00,138.00,337.00
11276500,214,8,1,210,30,75.64,113.00,124.00,135.25,279.00
11276500,215,8,2,210,30,76.38,113.75,124.00,134.25,246.50
11276500,216,8,3,210,30,76.37,114.00,124.00,133.25,235.70
11276500,217,8,4,210,30,76.37,113.00,123.50,132.00,232.40
11276500,218,8,5,210,30,76.36,112.75,123.00,132.00,225.60
11276500,219,8,6,210,30,76.35,113.00,122.00,132.00,205.80
11276500,220,8,7,210,30,76.35,113.00,122.00,131.00,184.90
11276500,221,8,8,210,30,76.35,113.00,122.00,131.00,160.90
11276500,222,8,9,210,30,76.35,113.00,122.00,131.00,141.80
11276500,223,8,10,210,30,76.35,113.00,123.00,131.25,139.00
11276500,224,8,11,210,30,76.35,113.00,123.00,132.00,139.00
11276500,225,8,12,210,30,76.35,113.00,123.00,132.00,138.90
11276500,226,8,13,210,30,76.35,113.00,123.00,132.00,138.00
11276500,227,8,14,210,30,76.35,112.75,123.00,132.00,138.00
11276500,228,8,15,210,30,76.36,112.00,123.00,132.00,138.00
11276500,229,8,16,210,30,76.91,112.00,123.00,132.00,139.00
11276500,230,8,17,210,30,77.00,112.00,123.00,132.00,139.90
11276500,231,8,18,210,30,77.00,112.00,123.00,132.00,140.00
11276500,232,8,19,210,30,77.30,112.00,122.50,132.00,140.00
11276500,233,8,20,210,30,77.30,112.00,121.50,132.00,140.00
11276500,234,8,21,210,30,77.30,112.00,121.00,132.00,140.00
11276500,235,8,22,210,30,77.30,112.00,120.00,132.00,140.00
11276500,236,8,23,210,30,77.20,112.00,120.00,132.00,139.00
11276500,237,8,24,210,30,77.20,112.75,119.50,132.00,138.90
11276500,238,8,25,210,30,77.20,113.00,119.00,131.00,137.00
11276500,239,8,26,210,30,77.10,113.00,119.00,130.25,135.90
11276500,240,8,27,210,30,77.10,113.00,118.50,129.25,134.00
11276500,241,8,28,210,30,77.00,113.00,117.50,129.00,133.00
11276500,242,8,29,210,30,76.81,111.25,116.00,128.00,132.00
11276500,243,8,30,210,30,76.80,100.00,115.00,127.00,131.00
11276500,244,8,31,210,30,76.80,92.83,113.00,126.00,130.90
11276500,245,9,1,210,30,76.71,87.70,106.00,119.00,129.00
11276500,246,9,2,210,30,76.61,86.78,103.00,115.25,128.00
11276500,247,9,3,210,30,76.51,84.30,103.00,112.00,125.90
11276500,248,9,4,210,30,76.42,84.08,99.95,105.00,116.00
11276500,249,9,5,210,30,76.35,82.18,97.20,104.25,112.00
11276500,250,9,6,210,30,76.35,82.00,98.00,104.00,112.00
11276500,251,9,7,210,30,76.25,82.00,98.50,104.00,112.00
11276500,252,9,8,210,30,76.23,81.98,98.50,104.00,112.00
11276500,253,9,9,210,30,76.13,81.90,99.50,104.00,112.00
11276500,254,9,10,210,30,76.13,81.98,100.50,104.00,111.90
11276500,255,9,11,210,30,76.13,83.55,101.00,104.00,111.00
11276500,256,9,12,210,30,75.42,81.55,94.00,104.00,110.90
11276500,257,9,13,210,30,73.10,80.08,90.40,104.00,110.00
11276500,258,9,14,210,30,66.95,76.35,86.60,102.25,110.00
11276500,259,9,15,210,30,66.00,73.73,83.95,101.00,107.00
11276500,260,9,16,210,30,64.60,71.83,82.25,93.00,105.90
11276500,261,9,17,210,30,61.05,70.13,80.60,86.78,103.00
11276500,262,9,18,210,30,54.50,67.13,77.85,84.00,93.00
11276500,263,9,19,210,30,53.32,66.85,75.00,83.53,87.00
11276500,264,9,20,210,30,53.32,66.65,74.00,83.13,86.00
11276500,265,9,21,210,30,53.23,66.90,73.65,83.10,86.90
11276500,266,9,22,210,30,54.41,67.18,73.65,83.20,86.98
11276500,267,9,23,210,30,54.50,67.18,74.00,84.00,87.00
11276500,268,9,24,210,30,54.50,67.18,74.00,84.10,87.00
11276500,269,9,25,210,30,54.50,67.18,74.00,84.43,87.00
11276500,270,9,26,210,30,54.50,67.18,74.00,84.50,87.00
11276500,271,9,27,210,30,54.50,67.78,74.00,84.53,86.89
11276500,272,9,28,210,31,54.41,66.93,72.75,83.33,86.70
11276500,273,9,29,210,31,51.40,61.60,70.20,81.60,86.40
11276500,274,9,30,210,31,50.64,58.45,68.30,81.00,86.00
11276500,275,10,1,210,31,50.31,55.10,66.30,74.00,85.35
11276500,276,10,2,210,31,46.63,53.98,63.35,70.28,82.92
11276500,277,10,3,210,31,41.40,53.20,60.00,68.43,76.19
11276500,278,10,4,210,30,38.81,52.68,58.45,65.43,70.07
11276500,279,10,5,210,30,38.41,51.30,57.50,64.33,68.60
11276500,280,10,6,210,30,38.40,51.30,57.00,64.30,68.49
11276500,281,10,7,210,30,38.40,51.30,57.00,64.33,68.40
11276500,282,10,8,210,30,38.40,51.30,57.00,64.30,68.30
11276500,283,10,9,210,30,38.40,51.70,57.00,64.30,68.20
11276500,284,10,10,210,30,38.40,52.33,57.00,64.20,68.10
11276500,285,10,11,210,30,38.40,52.18,57.00,64.00,68.10
11276500,286,10,12,210,30,36.87,51.80,57.00,64.00,68.10
11276500,287,10,13,210,30,36.70,51.75,57.00,63.63,68.10
11276500,288,10,14,210,30,36.61,51.75,57.00,63.55,67.72
11276500,289,10,15,210,30,36.60,51.60,57.00,63.50,67.54
11276500,290,10,16,210,30,36.60,51.60,57.50,63.50,67.58
11276500,291,10,17,210,30,36.30,51.60,58.55,63.50,67.59
11276500,292,10,18,210,30,36.21,51.60,60.00,63.43,67.59
11276500,293,10,19,210,30,36.31,51.60,60.00,63.30,67.59
11276500,294,10,20,210,30,36.40,51.60,60.00,63.30,67.59
11276500,295,10,21,210,30,36.64,51.58,60.00,63.30,67.59
11276500,296,10,22,210,30,37.01,51.50,60.00,63.30,67.59
11276500,297,10,23,210,30,37.01,51.48,60.00,63.30,67.59
11276500,298,10,24,210,30,37.01,51.48,60.00,63.30,67.56
11276500,299,10,25,210,30,37.10,51.48,60.00,63.30,67.20
11276500,300,10,26,210,30,37.10,51.40,60.00,63.40,66.94
11276500,301,10,27,210,30,37.01,51.40,60.00,63.33,66.37
11276500,302,10,28,210,30,37.00,51.40,60.00,63.33,66.09
11276500,303,10,29,210,30,37.00,51.48,60.00,63.23,66.00
11276500,304,10,30,210,30,37.01,51.48,60.00,63.25,66.00
11276500,305,10,31,210,30,37.12,52.33,60.00,63.25,66.00
11276500,306,11,1,210,30,37.32,52.90,60.00,63.25,66.00
11276500,307,11,2,210,30,37.60,53.05,60.00,63.30,66.00
11276500,308,11,3,210,30,37.60,53.10,60.00,63.53,66.00
11276500,309,11,4,210,30,37.60,53.28,60.00,63.53,66.00
11276500,310,11,5,210,30,37.60,53.45,60.05,63.60,66.00
11276500,311,11,6,210,30,37.60,53.78,60.05,63.63,66.09
11276500,312,11,7,210,30,37.60,53.78,60.05,63.63,66.09
11276500,313,11,8,210,30,37.60,53.78,60.05,63.63,66.00
11276500,314,11,9,210,30,37.51,53.78,60.05,63.43,66.00
11276500,315,11,10,210,30,37.50,53.28,60.00,63.33,66.00
11276500,316,11,11,210,30,37.50,53.20,60.00,63.03,66.10
11276500,317,11,12,210,30,37.60,53.20,60.00,62.63,66.10
11276500,318,11,13,210,30,37.61,53.20,60.00,62.63,66.09
11276500,319,11,14,210,30,37.71,53.20,60.00,63.08,66.10
11276500,320,11,15,210,30,37.80,53.20,60.00,63.35,66.10
11276500,321,11,16,210,30,37.80,53.20,60.00,63.65,66.10
11276500,322,11,17,210,30,37.80,53.20,60.00,63.53,66.09
11276500,323,11,18,210,30,37.80,53.18,60.00,63.53,66.00
11276500,324,11,19,210,30,37.80,53.10,60.00,63.23,66.00
11276500,325,11,20,210,30,37.80,53.00,60.00,63.20,67.00
11276500,326,11,21,210,30,37.80,52.88,59.95,63.10,67.00
11276500,327,11,22,210,30,37.80,52.80,59.95,63.03,68.00
11276500,328,11,23,210,30,37.80,52.53,59.55,63.00,68.09
11276500,329,11,24,210,30,37.84,52.28,59.60,63.00,69.20
11276500,330,11,25,210,30,38.22,52.28,59.65,63.00,69.65
11276500,331,11,26,210,30,38.40,52.28,59.60,63.00,69.08
11276500,332,11,27,210,30,38.40,52.28,59.50,63.00,66.98
11276500,333,11,28,210,30,38.40,51.18,58.70,62.23,66.00
11276500,334,11,29,210,30,38.31,49.43,57.20,62.00,66.00
11276500,335,11,30,210,30,38.30,48.00,54.90,61.00,64.00
11276500,336,12,1,210,30,38.11,47.00,53.00,59.73,62.97
11276500,337,12,2,210,30,38.01,45.55,52.00,57.55,62.00
11276500,338,12,3,210,30,37.91,43.40,50.75,56.00,60.92
11276500,339,12,4,210,30,37.71,41.38,50.20,54.73,57.66
11276500,340,12,5,210,30,37.70,40.98,50.00,53.65,57.00
11276500,341,12,6,210,30,37.70,41.08,50.00,53.60,57.00
11276500,342,12,7,210,30,37.70,41.40,50.00,53.60,57.00
11276500,343,12,8,210,30,37.61,41.40,50.05,54.50,57.00
11276500,344,12,9,210,30,37.60,42.83,50.15,54.50,57.00
11276500,345,12,10,210,30,37.51,43.10,50.35,54.50,57.00
11276500,346,12,11,210,30,37.50,43.05,50.45,54.50,57.00
11276500,347,12,12,210,30,37.50,42.78,50.85,54.93,57.91
11276500,348,12,13,210,30,37.50,42.80,51.30,55.00,59.20
11276500,349,12,14,210,30,37.41,42.78,51.75,55.00,65.73
11276500,350,12,15,210,30,37.41,42.58,51.95,55.00,80.16
11276500,351,12,16,210,30,37.13,42.13,51.80,55.15,80.79
11276500,352,12,17,210,30,37.13,41.90,51.95,56.00,93.94
11276500,353,12,18,210,30,37.13,41.90,52.00,56.00,109.78
11276500,354,12,19,210,30,37.40,41.90,52.00,56.13,109.90
11276500,355,12,20,210,30,37.40,43.10,52.00,56.13,109.90
11276500,356,12,21,210,30,37.41,43.68,52.40,56.13,109.90
11276500,357,12,22,210,30,37.41,45.85,52.40,56.38,109.90
11276500,358,12,23,210,30,37.41,46.20,52.40,56.60,109.90
11276500,359,12,24,210,30,37.50,46.28,52.45,56.38,111.50
11276500,360,12,25,210,30,37.51,46.20,52.50,56.30,116.90
11276500,361,12,26,210,30,37.51,45.85,52.30,55.93,117.90
11276500,362,12,27,210,30,37.66,45.25,52.30,56.30,117.90
11276500,363,12,28,210,30,37.66,45.65,52.25,56.38,124.80
11276500,364,12,29,210,31,38.20,45.30,52.05,57.00,124.80
11276500,365,12,30,210,31,38.20,44.48,52.00,57.00,124.60
11276500,366,12,31,210,31,38.20,44.15,52.00,57.35,125.50
11284400,1,1,1,210,31,0.03,0.35,1.29,12.93,103.43
11284400,2,1,2,210,31,0.03,0.36,1.45,12.93,107.60
11284400,3,1,3,210,31,0.03,0.35,1.58,14.85,87.08
11284400,4,1,4,210,30,0.03,0.37,1.60,14.50,60.79
11284400,5,1,5,210,30,0.03,0.37,1.60,11.63,57.17
11284400,6,1,6,210,30,0.03,0.37,1.80,11.03,47.41
11284400,7,1,7,210,30,0.03,0.37,2.11,8.96,44.54
11284400,8,1,8,210,30,0.03,0.38,2.27,8.31,38.83
11284400,9,1,9,210,30,0.03,0.43,2.21,7.91,43.50
11284400,10,1,10,210,30,0.03,0.61,2.17,7.14,45.99
11284400,11,1,11,210,30,0.03,0.62,2.03,6.81,40.45
11284400,12,1,12,210,30,0.03,0.64,1.93,6.34,39.20
11284400,13,1,13,210,30,0.03,0.64,1.93,6.33,39.30
11284400,14,1,14,210,30,0.03,0.71,1.81,6.16,32.90
11284400,15,1,15,210,30,0.02,0.71,1.75,8.31,35.70
11284400,16,1,16,210,30,0.03,0.69,1.77,10.35,40.18
11284400,17,1,17,210,30,0.03,0.69,1.75,14.33,42.99
11284400,18,1,18,210,30,0.03,0.74,1.80,16.00,59.26
11284400,19,1,19,210,30,0.03,0.77,2.01,16.00,60.84
11284400,20,1,20,210,30,0.03,0.85,2.48,16.25,75.20
11284400,21,1,21,210,30,0.07,0.91,3.20,19.10,76.18
11284400,22,1,22,210,30,0.09,0.93,3.77,17.73,87.57
11284400,23,1,23,210,30,0.14,1.04,4.15,16.00,87.57
11284400,24,1,24,210,30,0.27,1.09,4.32,14.93,85.84
11284400,25,1,25,210,30,0.51,1.17,4.32,14.20,85.84
11284400,26,1,26,210,30,0.57,1.20,4.17,13.28,68.94
11284400,27,1,27,210,30,0.59,1.20,4.02,13.28,47.70
11284400,28,1,28,210,30,0.66,1.22,3.73,11.78,37.60
11284400,29,1,29,210,30,0.67,1.25,3.41,11.28,30.72
11284400,30,1,30,210,30,0.66,1.28,3.46,11.85,29.92
11284400,31,1,31,210,30,0.63,1.28,3.40,11.33,30.00
11284400,32,2,1,210,30,0.60,1.25,3.34,12.23,30.72
11284400,33,2,2,210,30,0.58,1.27,3.34,12.93,32.70
11284400,34,2,3,210,30,0.58,1.27,3.38,13.03,36.04
11284400,35,2,4,210,30,0.58,1.27,3.38,14.48,39.07
11284400,36,2,5,210,30,0.58,1.28,3.38,14.35,48.54
11284400,37,2,6,210,30,0.58,1.31,3.08,14.35,50.49
11284400,38,2,7,210,30,0.59,1.31,3.15,14.40,61.56
11284400,39,2,8,210,30,0.62,1.32,3.30,14.05,50.40
11284400,40,2,9,210,30,0.80,1.35,3.30,13.93,50.40
11284400,41,2,10,210,30,0.81,1.51,3.76,13.00,58.16
11284400,42,2,11,210,30,0.81,1.60,4.01,11.25,59.00
11284400,43,2,12,210,30,0.81,1.63,4.01,11.25,59.00
11284400,44,2,13,210,30,0.78,1.63,4.09,12.00,56.90
11284400,45,2,14,210,30,0.56,1.64,4.42,12.48,55.80
11284400,46,2,15,210,30,0.56,1.70,4.98,13.48,56.90
11284400,47,2,16,210,30,0.54,1.72,5.20,17.35,61.07
11284400,48,2,17,210,30,0.53,1.72,5.23,19.25,63.91
11284400,49,2,18,210,30,0.53,1.79,5.32,26.78,69.42
11284400,50,2,19,210,30,0.63,1.81,5.55,28.38,69.42
11284400,51,2,20,210,30,0.72,1.79,5.55,30.33,71.97
11284400,52,2,21,210,30,0.72,1.77,5.55,32.98,73.22
11284400,53,2,22,210,30,0.72,1.71,5.68,34.48,75.37
11284400,54,2,23,210,30,0.72,1.71,6.93,31.58,73.22
11284400,55,2,24,210,30,0.74,1.63,8.47,30.78,75.37
11284400,56,2,25,210,30,0.78,1.61,8.90,30.70,73.17
11284400,57,2,26,188,30,0.79,1.57,9.05,30.28,73.42
11284400,58,2,27,188,30,0.89,1.52,10.18,28.68,57.95
11284400,59,2,28,188,30,0.95,1.52,12.55,26.80,51.38
11284400,60,2,29,188,30,0.96,1.54,12.85,26.38,57.91
11284400,61,3,1,188,30,0.98,1.61,12.95,25.88,57.91
11284400,62,3,2,188,30,0.97,1.74,13.50,28.40,57.50
11284400,63,3,3,188,30,0.98,2.06,12.95,28.98,60.61
11284400,64,3,4,210,30,0.98,2.26,13.50,29.00,61.49
11284400,65,3,5,210,30,0.97,2.30,12.60,30.23,61.49
11284400,66,3,6,210,30,0.97,2.43,10.90,30.05,62.32
11284400,67,3,7,210,30,0.98,2.54,10.05,29.00,60.25
11284400,68,3,8,210,30,0.97,2.63,9.07,28.00,57.44
11284400,69,3,9,210,30,1.01,2.64,7.82,23.15,56.78
11284400,70,3,10,210,30,0.97,2.42,7.55,20.48,53.60
11284400,71,3,11,210,30,0.82,2.25,7.00,19.13,49.50
11284400,72,3,12,210,30,0.70,2.33,6.88,19.88,53.60
11284400,73,3,13,210,30,0.68,2.33,6.71,20.10,53.61
11284400,74,3,14,210,30,0.64,2.33,6.71,21.25,59.97
11284400,75,3,15,210,30,0.63,2.33,6.76,21.00,60.81
11284400,76,3,16,210,30,0.65,2.33,7.21,21.00,59.97
11284400,77,3,17,210,30,0.72,2.32,7.10,20.10,59.59
11284400,78,3,18,210,30,0.72,2.44,7.10,18.80,52.88
11284400,79,3,19,210,30,0.72,2.25,6.94,17.70,58.05
11284400,80,3,20,210,30,0.72,2.21,7.10,17.00,60.67
11284400,81,3,21,210,30,0.72,2.28,6.94,17.15,58.78
11284400,82,3,22,210,30,0.72,2.28,7.08,17.15,63.79
11284400,83,3,23,210,30,0.72,2.20,7.12,17.60,68.50
11284400,84,3,24,210,30,0.65,2.20,6.91,17.60,65.63
11284400,85,3,25,210,30,0.66,2.18,6.91,19.58,78.31
11284400,86,3,26,210,30,0.72,2.08,6.68,21.40,72.58
11284400,87,3,27,210,30,0.71,1.99,6.04,20.40,68.33
11284400,88,3,28,210,30,0.71,1.88,6.08,19.15,68.22
11284400,89,3,29,210,30,0.93,1.76,5.78,19.73,60.78
11284400,90,3,30,210,30,0.98,1.72,5.41,20.33,58.00
11284400,91,3,31,210,30,1.04,1.68,5.40,19.53,58.00
11284400,92,4,1,210,30,1.04,1.64,5.39,19.13,55.13
11284400,93,4,2,210,30,1.03,1.59,5.43,18.85,49.46
11284400,94,4,3,210,30,1.03,1.52,5.43,18.35,45.00
11284400,95,4,4,210,30,0.98,1.50,5.39,19.60,41.28
11284400,96,4,5,210,30,0.97,1.40,5.43,19.60,44.69
11284400,97,4,6,210,30,0.93,1.39,5.63,19.50,41.85
11284400,98,4,7,210,30,0.73,1.37,5.47,19.33,41.85
11284400,99,4,8,210,30,0.51,1.35,5.68,18.65,41.85
11284400,100,4,9,210,30,0.57,1.35,5.49,17.78,41.26
11284400,101,4,10,210,30,0.57,1.34,6.08,17.78,41.85
11284400,102,4,11,210,30,0.56,1.26,6.29,16.80,41.99
11284400,103,4,12,210,30,0.56,1.26,6.25,15.75,39.54
11284400,104,4,13,210,30,0.77,1.24,6.36,15.08,35.90
11284400,105,4,14,210,30,0.77,1.20,6.57,14.35,34.90
11284400,106,4,15,210,30,0.75,1.13,6.44,14.00,33.90
11284400,107,4,16,210,30,0.71,1.04,6.40,13.40,32.25
11284400,108,4,17,210,30,0.66,1.02,6.34,12.40,26.09
11284400,109,4,18,210,30,0.66,1.00,6.25,11.93,25.70
11284400,110,4,19,210,30,0.66,1.00,6.20,11.30,23.90
11284400,111,4,20,210,30,0.64,1.00,5.99,11.00,22.90
11284400,112,4,21,210,30,0.63,0.99,5.64,10.15,21.36
11284400,113,4,22,210,30,0.64,0.97,5.38,9.69,19.93
11284400,114,4,23,210,30,0.70,0.98,5.24,9.10,19.00
11284400,115,4,24,210,30,0.68,0.98,4.85,8.31,17.78
11284400,116,4,25,210,30,0.66,0.98,4.61,7.71,15.98
11284400,117,4,26,210,30,0.62,0.94,4.36,7.31,14.93
11284400,118,4,27,210,30,0.60,0.91,4.00,7.11,14.00
11284400,119,4,28,210,30,0.54,0.88,3.83,7.07,13.00
11284400,120,4,29,210,30,0.51,0.88,3.84,6.87,13.00
11284400,121,4,30,210,30,0.46,0.86,3.69,6.67,12.55
11284400,122,5,1,210,30,0.42,0.86,3.46,6.53,12.10
11284400,123,5,2,210,30,0.39,0.88,3.33,6.52,12.05
11284400,124,5,3,210,30,0.38,0.89,3.16,6.20,11.60
11284400,125,5,4,210,30,0.35,0.91,2.93,6.20,11.28
11284400,126,5,5,210,30,0.33,0.91,2.72,6.24,10.77
11284400,127,5,6,210,30,0.32,0.89,2.60,6.32,10.28
11284400,128,5,7,210,30,0.32,0.89,2.39,6.32,9.65
11284400,129,5,8,210,30,0.31,0.87,2.20,6.07,9.49
11284400,130,5,9,210,30,0.29,0.82,2.10,5.74,9.33
11284400,131,5,10,210,30,0.27,0.79,2.00,5.48,8.92
11284400,132,5,11,210,30,0.25,0.74,1.90,5.17,8.58
11284400,133,5,12,210,30,0.24,0.67,1.84,4.92,8.14
11284400,134,5,13,210,30,0.21,0.61,1.79,4.90,8.14
11284400,135,5,14,210,30,0.20,0.57,1.71,4.80,8.48
11284400,136,5,15,210,30,0.19,0.50,1.68,4.80,8.30
11284400,137,5,16,210,30,0.15,0.46,1.62,4.80,8.98
11284400,138,5,17,210,30,0.13,0.43,1.57,4.80,9.53
11284400,139,5,18,210,30,0.11,0.41,1.57,4.80,10.66
11284400,140,5,19,210,30,0.10,0.39,1.57,4.80,10.66
11284400,141,5,20,210,30,0.09,0.38,1.56,4.46,9.78
11284400,142,5,21,210,30,0.09,0.37,1.46,4.12,9.53
11284400,143,5,22,210,30,0.08,0.34,1.43,3.90,9.53
11284400,144,5,23,210,30,0.08,0.32,1.42,3.80,8.97
11284400,145,5,24,210,30,0.07,0.31,1.32,3.60,8.14
11284400,146,5,25,210,30,0.06,0.29,1.25,3.50,7.69
11284400,147,5,26,210,30,0.06,0.28,1.12,3.47,7.23
11284400,148,5,27,210,30,0.06,0.25,1.04,3.32,6.92
11284400,149,5,28,210,30,0.06,0.21,0.95,3.24,6.53
11284400,150,5,29,210,30,0.06,0.17,0.92,3.01,6.19
11284400,151,5,30,210,30,0.06,0.13,0.91,2.86,6.06
11284400,152,5,31,210,30,0.05,0.13,0.83,2.80,5.72
11284400,153,6,1,210,30,0.05,0.12,0.74,2.79,5.72
11284400,154,6,2,210,30,0.04,0.11,0.71,2.68,5.49
11284400,155,6,3,210,30,0.03,0.10,0.68,2.51,5.47
11284400,156,6,4,210,30,0.03,0.09,0.62,2.49,5.38
11284400,157,6,5,210,30,0.02,0.08,0.61,2.57,5.16
11284400,158,6,6,210,30,0.02,0.07,0.59,2.57,5.09
11284400,159,6,7,210,30,0.01,0.06,0.58,2.48,4.90
11284400,160,6,8,210,30,0.01,0.06,0.53,2.45,4.66
11284400,161,6,9,210,30,0.01,0.05,0.48,2.41,4.41
11284400,162,6,10,210,30,0.01,0.04,0.41,2.34,4.24
11284400,163,6,11,210,30,0.00,0.03,0.34,2.21,3.98
11284400,164,6,12,210,30,0.00,0.03,0.30,2.02,3.72
11284400,165,6,13,210,30,0.00,0.03,0.24,1.83,3.70
11284400,166,6,14,210,30,0.00,0.02,0.22,1.70,3.53
11284400,167,6,15,210,30,0.00,0.02,0.21,1.60,3.39
11284400,168,6,16,210,30,0.00,0.02,0.18,1.48,3.14
11284400,169,6,17,210,30,0.00,0.02,0.15,1.32,2.90
11284400,170,6,18,210,30,0.00,0.01,0.13,1.30,2.78
11284400,171,6,19,210,30,0.00,0.01,0.09,1.24,2.68
11284400,172,6,20,210,30,0.00,0.01,0.07,1.20,2.51
11284400,173,6,21,210,30,0.00,0.00,0.06,1.13,2.32
11284400,174,6,22,210,30,0.00,0.00,0.04,1.10,2.24
11284400,175,6,23,210,30,0.00,0.00,0.03,1.09,2.11
11284400,176,6,24,210,30,0.00,0.00,0.03,1.07,1.92
11284400,177,6,25,210,30,0.00,0.00,0.02,1.00,1.81
11284400,178,6,26,210,30,0.00,0.00,0.02,0.97,1.80
11284400,179,6,27,210,30,0.00,0.00,0.02,0.89,1.79
11284400,180,6,28,210,30,0.00,0.00,0.02,0.84,1.71
11284400,181,6,29,210,30,0.00,0.00,0.02,0.79,1.69
11284400,182,6,30,210,30,0.00,0.00,0.02,0.70,1.60
11284400,183,7,1,210,30,0.00,0.00,0.01,0.63,1.53
11284400,184,7,2,210,30,0.00,0.00,0.01,0.58,1.46
11284400,185,7,3,210,30,0.00,0.00,0.01,0.52,1.33
11284400,186,7,4,210,30,0.00,0.00,0.01,0.47,1.27
11284400,187,7,5,210,30,0.00,0.00,0.01,0.43,1.23
11284400,188,7,6,210,30,0.00,0.00,0.01,0.40,1.15
11284400,189,7,7,210,30,0.00,0.00,0.00,0.38,1.08
11284400,190,7,8,210,30,0.00,0.00,0.00,0.36,1.03
11284400,191,7,9,210,30,0.00,0.00,0.00,0.34,0.97
11284400,192,7,10,210,30,0.00,0.00,0.00,0.33,0.92
11284400,193,7,11,210,30,0.00,0.00,0.00,0.31,0.82
11284400,194,7,12,210,30,0.00,0.00,0.00,0.25,0.76
11284400,195,7,13,210,30,0.00,0.00,0.00,0.22,0.72
11284400,196,7,14,210,30,0.00,0.00,0.00,0.19,0.71
11284400,197,7,15,210,30,0.00,0.00,0.00,0.17,0.72
11284400,198,7,16,210,30,0.00,0.00,0.00,0.16,0.72
11284400,199,7,17,210,30,0.00,0.00,0.00,0.13,0.70
11284400,200,7,18,210,30,0.00,0.00,0.00,0.11,0.67
11284400,201,7,19,210,30,0.00,0.00,0.00,0.10,0.64
11284400,202,7,20,210,30,0.00,0.00,0.00,0.07,0.60
11284400,203,7,21,210,30,0.00,0.00,0.00,0.06,0.56
11284400,204,7,22,210,30,0.00,0.00,0.00,0.04,0.47
11284400,205,7,23,210,30,0.00,0.00,0.00,0.03,0.42
11284400,206,7,24,210,30,0.00,0.00,0.00,0.03,0.38
11284400,207,7,25,210,30,0.00,0.00,0.00,0.03,0.33
11284400,208,7,26,210,30,0.00,0.00,0.00,0.02,0.30
11284400,209,7,27,210,30,0.00,0.00,0.00,0.02,0.28
11284400,210,7,28,210,30,0.00,0.00,0.00,0.02,0.25
11284400,211,7,29,210,30,0.00,0.00,0.00,0.02,0.21
11284400,212,7,30,210,30,0.00,0.00,0.00,0.02,0.16
11284400,213,7,31,210,30,0.00,0.00,0.00,0.01,0.15
11284400,214,8,1,210,30,0.00,0.00,0.00,0.01,0.14
11284400,215,8,2,210,30,0.00,0.00,0.00,0.01,0.12
11284400,216,8,3,210,30,0.00,0.00,0.00,0.00,0.12
11284400,217,8,4,210,30,0.00,0.00,0.00,0.00,0.10
11284400,218,8,5,210,30,0.00,0.00,0.00,0.00,0.08
11284400,219,8,6,210,30,0.00,0.00,0.00,0.00,0.07
11284400,220,8,7,210,30,0.00,0.00,0.00,0.00,0.06
11284400,221,8,8,210,30,0.00,0.00,0.00,0.00,0.06
11284400,222,8,9,210,30,0.00,0.00,0.00,0.00,0.05
11284400,223,8,10,210,30,0.00,0.00,0.00,0.00,0.04
11284400,224,8,11,210,30,0.00,0.00,0.00,0.00,0.04
11284400,225,8,12,210,30,0.00,0.00,0.00,0.00,0.03
11284400,226,8,13,210,30,0.00,0.00,0.00,0.00,0.03
11284400,227,8,14,210,30,0.00,0.00,0.00,0.00,0.03
11284400,228,8,15,210,30,0.00,0.00,0.00,0.00,0.02
11284400,229,8,16,210,30,0.00,0.00,0.00,0.00,0.02
11284400,230,8,17,210,30,0.00,0.00,0.00,0.00,0.02
11284400,231,8,18,210,30,0.00,0.00,0.00,0.00,0.02
11284400,232,8,19,210,30,0.00,0.00,0.00,0.00,0.01
11284400,233,8,20,210,30,0.00,0.00,0.00,0.00,0.01
11284400,234,8,21,210,30,0.00,0.00,0.00,0.00,0.01
11284400,235,8,22,210,30,0.00,0.00,0.00,0.00,0.01
11284400,236,8,23,210,30,0.00,0.00,0.00,0.00,0.01
11284400,237,8,24,210,30,0.00,0.00,0.00,0.00,0.01
11284400,238,8,25,210,30,0.00,0.00,0.00,0.00,0.00
11284400,239,8,26,210,30,0.00,0.00,0.00,0.00,0.00
11284400,240,8,27,210,30,0.00,0.00,0.00,0.00,0.00
11284400,241,8,28,210,30,0.00,0.00,0.00,0.00,0.00
11284400,242,8,29,210,30,0.00,0.00,0.00,0.00,0.00
11284400,243,8,30,210,30,0.00,0.00,0.00,0.00,0.00
11284400,244,8,31,210,30,0.00,0.00,0.00,0.00,0.00
11284400,245,9,1,210,30,0.00,0.00,0.00,0.00,0.00
11284400,246,9,2,210,30,0.00,0.00,0.00,0.00,0.00
11284400,247,9,3,210,30,0.00,0.00,0.00,0.00,0.00
11284400,248,9,4,210,30,0.00,0.00,0.00,0.00,0.00
11284400,249,9,5,210,30,0.00,0.00,0.00,0.00,0.00
11284400,250,9,6,210,30,0.00,0.00,0.00,0.00,0.00
11284400,251,9,7,210,30,0.00,0.00,0.00,0.00,0.00
11284400,252,9,8,210,30,0.00,0.00,0.00,0.00,0.00
11284400,253,9,9,210,30,0.00,0.00,0.00,0.00,0.00
11284400,254,9,10,210,30,0.00,0.00,0.00,0.00,0.00
11284400,255,9,11,210,30,0.00,0.00,0.00,0.00,0.00
11284400,256,9,12,210,30,0.00,0.00,0.00,0.00,0.00
11284400,257,9,13,210,30,0.00,0.00,0.00,0.00,0.00
11284400,258,9,14,210,30,0.00,0.00,0.00,0.00,0.00
11284400,259,9,15,210,30,0.00,0.00,0.00,0.00,0.00
11284400,260,9,16,210,30,0.00,0.00,0.00,0.00,0.00
11284400,261,9,17,210,30,0.00,0.00,0.00,0.00,0.00
11284400,262,9,18,210,30,0.00,0.00,0.00,0.00,0.00
11284400,263,9,19,210,30,0.00,0.00,0.00,0.00,0.00
11284400,264,9,20,210,30,0.00,0.00,0.00,0.00,0.00
11284400,265,9,21,210,30,0.00,0.00,0.00,0.00,0.00
11284400,266,9,22,210,30,0.00,0.00,0.00,0.00,0.00
11284400,267,9,23,210,30,0.00,0.00,0.00,0.00,0.00
11284400,268,9,24,210,30,0.00,0.00,0.00,0.00,0.00
11284400,269,9,25,210,30,0.00,0.00,0.00,0.00,0.00
11284400,270,9,26,210,30,0.00,0.00,0.00,0.00,0.00
11284400,271,9,27,210,30,0.00,0.00,0.00,0.00,0.00
11284400,272,9,28,210,31,0.00,0.00,0.00,0.00,0.00
11284400,273,9,29,210,31,0.00,0.00,0.00,0.00,0.00
11284400,274,9,30,210,31,0.00,0.00,0.00,0.00,0.00
11284400,275,10,1,210,31,0.00,0.00,0.00,0.00,0.00
11284400,276,10,2,210,31,0.00,0.00,0.00,0.00,0.00
11284400,277,10,3,210,31,0.00,0.00,0.00,0.00,0.00
11284400,278,10,4,210,30,0.00,0.00,0.00,0.00,0.00
11284400,279,10,5,210,30,0.00,0.00,0.00,0.00,0.00
11284400,280,10,6,210,30,0.00,0.00,0.00,0.00,0.00
11284400,281,10,7,210,30,0.00,0.00,0.00,0.00,0.00
11284400,282,10,8,210,30,0.00,0.00,0.00,0.00,0.00
11284400,283,10,9,210,30,0.00,0.00,0.00,0.00,0.00
11284400,284,10,10,210,30,0.00,0.00,0.00,0.00,0.00
11284400,285,10,11,210,30,0.00,0.00,0.00,0.00,0.00
11284400,286,10,12,210,30,0.00,0.00,0.00,0.00,0.00
11284400,287,10,13,210,30,0.00,0.00,0.00,0.00,0.00
11284400,288,10,14,210,30,0.00,0.00,0.00,0.00,0.00
11284400,289,10,15,210,30,0.00,0.00,0.00,0.00,0.00
11284400,290,10,16,210,30,0.00,0.00,0.00,0.00,0.01
11284400,291,10,17,210,30,0.00,0.00,0.00,0.00,0.01
11284400,292,10,18,210,30,0.00,0.00,0.00,0.00,0.03
11284400,293,10,19,210,30,0.00,0.00,0.00,0.00,0.04
11284400,294,10,20,210,30,0.00,0.00,0.00,0.00,0.04
11284400,295,10,21,210,30,0.00,0.00,0.00,0.00,0.06
11284400,296,10,22,210,30,0.00,0.00,0.00,0.00,0.07
11284400,297,10,23,210,30,0.00,0.00,0.00,0.00,0.07
11284400,298,10,24,210,30,0.00,0.00,0.00,0.00,0.07
11284400,299,10,25,210,30,0.00,0.00,0.00,0.00,0.07
11284400,300,10,26,210,30,0.00,0.00,0.00,0.00,0.07
11284400,301,10,27,210,30,0.00,0.00,0.00,0.00,0.08
11284400,302,10,28,210,30,0.00,0.00,0.00,0.00,0.08
11284400,303,10,29,210,30,0.00,0.00,0.00,0.00,0.08
11284400,304,10,30,210,30,0.00,0.00,0.00,0.00,0.08
11284400,305,10,31,210,30,0.00,0.00,0.00,0.00,0.08
11284400,306,11,1,210,30,0.00,0.00,0.00,0.00,0.09
11284400,307,11,2,210,30,0.00,0.00,0.00,0.00,0.10
11284400,308,11,3,210,30,0.00,0.00,0.00,0.00,0.13
11284400,309,11,4,210,30,0.00,0.00,0.00,0.00,0.14
11284400,310,11,5,210,30,0.00,0.00,0.00,0.00,0.16
11284400,311,11,6,210,30,0.00,0.00,0.00,0.00,0.17
11284400,312,11,7,210,30,0.00,0.00,0.00,0.00,0.18
11284400,313,11,8,210,30,0.00,0.00,0.00,0.00,0.17
11284400,314,11,9,210,30,0.00,0.00,0.00,0.01,0.17
11284400,315,11,10,210,30,0.00,0.00,0.00,0.01,0.17
11284400,316,11,11,210,30,0.00,0.00,0.00,0.01,0.17
11284400,317,11,12,210,30,0.00,0.00,0.00,0.01,0.18
11284400,318,11,13,210,30,0.00,0.00,0.00,0.01,0.18
11284400,319,11,14,210,30,0.00,0.00,0.00,0.02,0.18
11284400,320,11,15,210,30,0.00,0.00,0.00,0.02,0.21
11284400,321,11,16,210,30,0.00,0.00,0.00,0.02,0.21
11284400,322,11,17,210,30,0.00,0.00,0.00,0.02,0.26
11284400,323,11,18,210,30,0.00,0.00,0.00,0.03,0.46
11284400,324,11,19,210,30,0.00,0.00,0.00,0.04,0.66
11284400,325,11,20,210,30,0.00,0.00,0.00,0.05,0.69
11284400,326,11,21,210,30,0.00,0.00,0.00,0.15,0.69
11284400,327,11,22,210,30,0.00,0.00,0.00,0.19,0.69
11284400,328,11,23,210,30,0.00,0.00,0.00,0.22,0.70
11284400,329,11,24,210,30,0.00,0.00,0.00,0.24,1.10
11284400,330,11,25,210,30,0.00,0.00,0.00,0.26,1.30
11284400,331,11,26,210,30,0.00,0.00,0.01,0.27,1.48
11284400,332,11,27,210,30,0.00,0.00,0.01,0.30,1.60
11284400,333,11,28,210,30,0.00,0.00,0.02,0.34,1.61
11284400,334,11,29,210,30,0.00,0.00,0.02,0.39,1.79
11284400,335,11,30,210,30,0.00,0.00,0.04,0.59,1.95
11284400,336,12,1,210,30,0.00,0.00,0.08,0.65,3.54
11284400,337,12,2,210,30,0.00,0.00,0.09,0.66,4.10
11284400,338,12,3,210,30,0.00,0.00,0.10,0.66,4.10
11284400,339,12,4,210,30,0.00,0.00,0.12,0.70,4.65
11284400,340,12,5,210,30,0.00,0.00,0.12,0.66,5.03
11284400,341,12,6,210,30,0.00,0.00,0.13,0.62,5.03
11284400,342,12,7,210,30,0.00,0.00,0.14,0.67,5.03
11284400,343,12,8,210,30,0.00,0.00,0.18,0.86,5.03
11284400,344,12,9,210,30,0.00,0.01,0.20,1.11,5.32
11284400,345,12,10,210,30,0.00,0.01,0.23,1.35,5.85
11284400,346,12,11,210,30,0.00,0.02,0.33,1.69,6.73
11284400,347,12,12,210,30,0.00,0.02,0.38,1.84,6.47
11284400,348,12,13,210,30,0.00,0.04,0.53,2.00,6.77
11284400,349,12,14,210,30,0.00,0.04,0.57,2.00,9.73
11284400,350,12,15,210,30,0.00,0.10,0.64,2.00,10.63
11284400,351,12,16,210,30,0.00,0.12,0.64,2.06,9.92
11284400,352,12,17,210,30,0.00,0.20,0.66,2.18,9.13
11284400,353,12,18,210,30,0.00,0.25,0.62,2.07,9.94
11284400,354,12,19,210,30,0.00,0.27,0.60,2.14,11.18
11284400,355,12,20,210,30,0.00,0.27,0.59,2.51,14.80
11284400,356,12,21,210,30,0.00,0.27,0.60,3.31,18.28
11284400,357,12,22,210,30,0.01,0.28,0.66,3.76,21.04
11284400,358,12,23,210,30,0.02,0.30,0.70,4.14,27.44
11284400,359,12,24,210,30,0.02,0.30,0.73,5.26,30.78
11284400,360,12,25,210,30,0.02,0.30,0.81,5.68,29.56
11284400,361,12,26,210,30,0.03,0.31,0.87,6.00,29.56
11284400,362,12,27,210,30,0.03,0.34,0.90,6.23,34.27
11284400,363,12,28,210,30,0.03,0.35,0.95,7.11,46.07
11284400,364,12,29,210,31,0.03,0.35,0.92,7.53,68.93
11284400,365,12,30,210,31,0.03,0.35,1.01,8.84,67.40
11284400,366,12,31,210,31,0.03,0.35,1.12,9.94,93.79
11289650,1,1,1,210,31,163.00,175.00,256.50,353.50,4262.00
11289650,2,1,2,210,31,163.00,174.75,257.00,358.25,4414.00
11289650,3,1,3,210,31,163.00,174.75,258.00,365.25,4663.00
11289650,4,1,4,210,30,163.00,175.00,272.00,366.00,5240.00
11289650,5,1,5,210,30,163.00,175.00,291.50,366.00,5240.00
11289650,6,1,6,210,30,162.50,175.00,292.50,367.00,5319.00
11289650,7,1,7,210,30,162.50,175.75,293.50,367.25,5305.00
11289650,8,1,8,210,30,162.50,175.75,294.50,369.25,5137.00
11289650,9,1,9,210,30,162.50,176.00,304.00,373.25,5091.00
11289650,10,1,10,210,30,163.20,176.00,304.00,374.00,4867.00
11289650,11,1,11,210,30,165.10,176.00,304.00,374.00,4363.00
11289650,12,1,12,210,30,166.00,176.00,304.00,374.00,4363.00
11289650,13,1,13,210,30,166.00,175.00,300.50,374.25,4669.00
11289650,14,1,14,210,30,166.00,175.00,300.50,374.25,4919.00
11289650,15,1,15,210,30,166.00,175.00,301.50,375.25,4919.00
11289650,16,1,16,210,30,166.10,175.00,303.00,376.00,4856.00
11289650,17,1,17,210,30,167.00,175.00,303.50,377.00,4856.00
11289650,18,1,18,210,30,167.00,174.75,303.00,378.00,4856.00
11289650,19,1,19,210,30,167.00,175.00,303.00,384.00,4856.00
11289650,20,1,20,210,30,167.00,175.00,318.00,397.25,4741.00
11289650,21,1,21,210,30,167.00,175.00,318.00,399.00,4385.00
11289650,22,1,22,210,30,167.00,175.00,318.00,399.50,4307.00
11289650,23,1,23,210,30,164.30,175.00,318.00,422.00,4279.00
11289650,24,1,24,210,30,164.30,175.00,318.00,643.25,4196.00
11289650,25,1,25,210,30,164.30,175.00,318.50,644.25,3780.00
11289650,26,1,26,210,30,164.30,175.00,321.00,645.25,3398.00
11289650,27,1,27,210,30,164.30,175.00,319.50,646.25,3195.00
11289650,28,1,28,210,30,164.30,175.00,320.50,706.50,3142.00
11289650,29,1,29,210,30,164.20,175.00,324.50,921.25,3142.00
11289650,30,1,30,210,30,164.20,175.00,325.50,1377.50,3140.00
11289650,31,1,31,210,30,165.10,175.00,326.50,1582.50,3231.00
11289650,32,2,1,210,30,165.10,174.75,328.00,1595.00,3494.00
11289650,33,2,2,210,30,166.00,174.75,333.50,1610.00,4088.00
11289650,34,2,3,210,30,166.00,174.00,336.50,1622.50,4296.00
11289650,35,2,4,210,30,166.00,174.00,338.00,1715.00,4409.00
11289650,36,2,5,210,30,166.00,174.75,338.50,1882.50,4409.00
11289650,37,2,6,210,30,166.10,175.00,339.00,1882.50,5122.00
11289650,38,2,7,210,30,168.00,175.00,339.00,1882.50,5478.00
11289650,39,2,8,210,30,168.00,175.00,341.50,1882.50,5577.00
11289650,40,2,9,210,30,168.00,175.00,342.00,1857.50,5598.00
11289650,41,2,10,210,30,168.00,175.00,343.50,1852.50,5923.00
11289650,42,2,11,210,30,168.00,175.00,345.50,1850.00,6189.00
11289650,43,2,12,210,30,168.00,174.75,346.00,1852.50,6228.00
11289650,44,2,13,210,30,168.00,173.00,346.00,2270.00,6230.00
11289650,45,2,14,210,30,167.10,172.75,346.50,2575.00,6365.00
11289650,46,2,15,210,30,167.10,172.00,347.00,2605.00,6365.00
11289650,47,2,16,210,30,167.00,172.00,352.50,2670.00,6239.00
11289650,48,2,17,210,30,167.00,172.75,355.50,2937.50,6348.00
11289650,49,2,18,210,30,167.00,174.75,355.50,3155.00,6355.00
11289650,50,2,19,210,30,167.00,175.00,355.00,3212.50,6307.00
11289650,51,2,20,210,30,166.10,175.75,355.00,3627.50,6276.00
11289650,52,2,21,210,30,166.10,176.75,354.50,3967.50,6276.00
11289650,53,2,22,210,30,166.10,175.75,355.00,3995.00,6239.00
11289650,54,2,23,210,30,166.00,175.00,355.00,4032.50,6270.00
11289650,55,2,24,210,30,166.00,175.00,352.00,4117.50,6177.00
11289650,56,2,25,210,30,166.00,174.25,350.50,4155.00,6177.00
11289650,57,2,26,188,30,165.80,172.75,347.00,4240.00,6153.00
11289650,58,2,27,188,30,165.80,172.00,347.00,4352.50,6268.00
11289650,59,2,28,188,30,164.00,171.25,347.00,4390.00,6298.00
11289650,60,2,29,188,30,164.00,170.25,352.50,4462.50,6294.00
11289650,61,3,1,188,30,164.00,171.25,358.00,4477.50,6196.00
11289650,62,3,2,188,30,164.00,171.25,358.00,4480.00,6130.00
11289650,63,3,3,188,30,164.00,172.25,358.50,4470.00,6093.00
11289650,64,3,4,210,30,165.10,172.75,359.00,4497.50,6088.00
11289650,65,3,5,210,30,166.00,173.75,359.00,4567.50,6050.00
11289650,66,3,6,210,30,166.00,174.00,359.00,4645.00,6045.00
11289650,67,3,7,210,30,166.00,174.00,359.00,4407.50,5994.00
11289650,68,3,8,210,30,166.10,174.00,359.00,4277.50,5939.00
11289650,69,3,9,210,30,167.00,174.00,359.00,4277.50,5939.00
11289650,70,3,10,210,30,167.00,174.00,359.00,4157.50,5995.00
11289650,71,3,11,210,30,167.00,174.00,359.00,4030.00,6068.00
11289650,72,3,12,210,30,167.00,174.00,359.00,3970.00,6107.00
11289650,73,3,13,210,30,167.00,174.00,360.00,3790.00,6130.00
11289650,74,3,14,210,30,167.00,174.00,359.50,3517.50,6130.00
11289650,75,3,15,210,30,167.00,174.00,359.50,3355.00,6247.00
11289650,76,3,16,210,30,166.10,174.00,359.50,3415.00,6260.00
11289650,77,3,17,210,30,166.00,174.75,359.50,3470.00,6278.00
11289650,78,3,18,210,30,166.00,175.00,359.50,3415.00,6993.00
11289650,79,3,19,210,30,165.10,175.00,359.00,3392.50,7060.00
11289650,80,3,20,210,30,165.10,174.75,358.50,3367.50,7069.00
11289650,81,3,21,210,30,165.10,174.75,357.50,3425.00,7080.00
11289650,82,3,22,210,30,166.00,175.00,357.00,3567.50,7080.00
11289650,83,3,23,210,30,166.10,175.00,357.00,3647.50,7080.00
11289650,84,3,24,210,30,167.00,175.00,356.50,3730.00,7080.00
11289650,85,3,25,210,30,167.00,175.00,355.50,4197.50,7125.00
11289650,86,3,26,210,30,167.00,175.00,354.50,4365.00,7125.00
11289650,87,3,27,210,30,167.00,175.00,354.50,4520.00,7125.00
11289650,88,3,28,210,30,167.00,175.00,355.00,4540.00,7101.00
11289650,89,3,29,210,30,167.00,175.00,357.50,4642.50,7145.00
11289650,90,3,30,210,30,167.20,175.00,358.00,4650.00,7469.00
11289650,91,3,31,210,30,169.00,175.00,358.50,4535.00,7712.00
11289650,92,4,1,210,30,168.10,175.75,359.00,4510.00,8031.00
11289650,93,4,2,210,30,168.00,175.75,359.00,4510.00,8202.00
11289650,94,4,3,210,30,167.10,176.00,359.50,4510.00,8202.00
11289650,95,4,4,210,30,168.00,176.00,363.50,4327.50,7536.00
11289650,96,4,5,210,30,168.00,176.00,369.00,4070.00,7536.00
11289650,97,4,6,210,30,168.00,176.00,380.00,3772.50,7536.00
11289650,98,4,7,210,30,168.00,178.25,380.00,3602.50,7536.00
11289650,99,4,8,210,30,168.10,179.75,379.50,3592.50,7544.00
11289650,100,4,9,210,30,169.00,181.75,399.00,3582.50,7724.00
11289650,101,4,10,210,30,169.00,185.50,407.50,3582.50,7758.00
11289650,102,4,11,210,30,169.10,225.50,475.50,3592.50,7787.00
11289650,103,4,12,210,30,171.00,294.00,694.00,3645.00,8258.00
11289650,104,4,13,210,30,172.10,312.25,818.00,3697.50,8258.00
11289650,105,4,14,210,30,174.00,316.75,1155.00,3697.50,8258.00
11289650,106,4,15,210,30,174.10,327.00,1310.00,3697.50,8278.00
11289650,107,4,16,210,30,176.00,359.50,1370.00,3697.50,8260.00
11289650,108,4,17,210,30,185.30,474.25,1380.00,3610.00,8260.00
11289650,109,4,18,210,30,235.20,630.50,1380.00,3590.00,8260.00
11289650,110,4,19,210,30,237.60,647.75,1340.00,3582.50,8260.00
11289650,111,4,20,210,30,249.50,677.75,1330.00,3555.00,8260.00
11289650,112,4,21,210,30,281.00,674.75,1310.00,3550.00,8260.00
11289650,113,4,22,210,30,241.10,648.50,1270.00,3550.00,8214.00
11289650,114,4,23,210,30,221.20,632.00,1205.00,3527.50,8329.00
11289650,115,4,24,210,30,177.60,621.25,1155.00,3407.50,8309.00
11289650,116,4,25,210,30,177.00,614.00,1155.00,3310.00,8318.00
11289650,117,4,26,210,30,177.00,589.75,1130.00,3300.00,8285.00
11289650,118,4,27,210,30,177.00,574.75,1240.00,3260.00,8372.00
11289650,119,4,28,210,30,177.00,572.75,1255.00,3227.50,8528.00
11289650,120,4,29,210,30,177.00,544.50,1290.00,3227.50,8363.00
11289650,121,4,30,210,30,177.00,524.75,1305.00,3212.50,8173.00
11289650,122,5,1,210,30,177.10,524.75,1310.00,3212.50,8112.00
11289650,123,5,2,210,30,177.10,524.75,1320.00,3220.00,7706.00
11289650,124,5,3,210,30,177.10,525.00,1320.00,3220.00,7495.00
11289650,125,5,4,210,30,176.10,581.75,1320.00,3280.00,7529.00
11289650,126,5,5,210,30,176.10,583.75,1310.00,3280.00,7559.00
11289650,127,5,6,210,30,176.10,582.75,1310.00,3280.00,7559.00
11289650,128,5,7,210,30,174.20,582.75,1310.00,3280.00,7559.00
11289650,129,5,8,210,30,174.00,581.25,1305.00,3280.00,7559.00
11289650,130,5,9,210,30,173.10,575.50,1300.00,3282.50,7559.00
11289650,131,5,10,210,30,173.10,566.75,1300.00,3282.50,7884.00
11289650,132,5,11,210,30,173.10,550.00,1160.00,3282.50,7963.00
11289650,133,5,12,210,30,174.00,459.00,953.00,3265.00,8011.00
11289650,134,5,13,210,30,174.00,371.50,950.00,3252.50,8070.00
11289650,135,5,14,210,30,174.00,303.75,880.00,3270.00,8080.00
11289650,136,5,15,210,30,173.10,254.25,823.50,3377.50,8080.00
11289650,137,5,16,210,30,173.00,229.00,788.50,3545.00,8134.00
11289650,138,5,17,210,30,173.00,226.25,599.00,3785.00,7513.00
11289650,139,5,18,210,30,170.20,218.75,578.00,3845.00,7513.00
11289650,140,5,19,210,30,169.00,213.25,514.50,3950.00,7495.00
11289650,141,5,20,210,30,164.10,200.75,438.50,4092.50,7099.00
11289650,142,5,21,210,30,162.10,199.00,427.00,4092.50,6846.00
11289650,143,5,22,210,30,162.00,196.75,426.50,4075.00,6809.00
11289650,144,5,23,210,30,161.00,185.25,408.00,3797.50,6638.00
11289650,145,5,24,210,30,161.00,181.50,372.50,3317.50,6589.00
11289650,146,5,25,210,30,161.00,181.50,351.50,3162.50,6330.00
11289650,147,5,26,210,30,161.00,180.00,336.00,3162.50,6270.00
11289650,148,5,27,210,30,161.00,180.00,324.00,3152.50,6048.00
11289650,149,5,28,210,30,161.00,179.75,268.50,3132.50,5823.00
11289650,150,5,29,210,30,158.10,175.75,265.50,3120.00,5632.00
11289650,151,5,30,210,30,132.00,171.00,264.00,2732.50,5457.00
11289650,152,5,31,210,30,111.40,161.00,242.00,2270.00,5328.00
11289650,153,6,1,210,30,99.91,144.75,231.00,2165.00,5302.00
11289650,154,6,2,210,30,96.36,128.00,223.00,2165.00,5217.00
11289650,155,6,3,210,30,93.86,115.00,196.00,2150.00,5097.00
11289650,156,6,4,210,30,92.28,108.00,177.00,2150.00,5097.00
11289650,157,6,5,210,30,92.02,106.00,170.00,2150.00,5100.00
11289650,158,6,6,210,30,92.46,105.75,159.00,2112.50,5289.00
11289650,159,6,7,210,30,92.46,105.00,144.00,2322.50,5498.00
11289650,160,6,8,210,30,92.73,104.75,136.50,2322.50,5527.00
11289650,161,6,9,210,30,92.73,104.75,135.50,2322.50,5527.00
11289650,162,6,10,210,30,93.01,105.00,135.00,2705.00,5529.00
11289650,163,6,11,210,30,92.92,105.75,135.00,3392.50,5529.00
11289650,164,6,12,210,30,92.70,105.00,134.00,3432.50,5518.00
11289650,165,6,13,210,30,92.52,102.75,134.00,3432.50,5485.00
11289650,166,6,14,210,30,92.32,102.00,136.00,3407.50,5284.00
11289650,167,6,15,210,30,92.32,101.75,136.00,3407.50,5149.00
11289650,168,6,16,210,30,92.11,101.75,135.00,3252.50,5059.00
11289650,169,6,17,210,30,92.01,101.75,134.50,2442.50,4982.00
11289650,170,6,18,210,30,92.00,102.00,131.00,1927.50,4820.00
11289650,171,6,19,210,30,92.00,102.00,129.50,1635.00,4820.00
11289650,172,6,20,210,30,91.70,102.00,129.00,1465.00,4810.00
11289650,173,6,21,210,30,91.52,102.00,129.00,1422.50,4810.00
11289650,174,6,22,210,30,91.32,102.75,128.00,1422.50,4820.00
11289650,175,6,23,210,30,91.41,103.00,128.00,1422.50,4820.00
11289650,176,6,24,210,30,91.21,104.75,128.00,1480.00,4718.00
11289650,177,6,25,210,30,91.11,104.00,127.50,1480.00,4652.00
11289650,178,6,26,210,30,90.38,104.75,126.50,1480.00,4307.00
11289650,179,6,27,210,30,90.04,105.00,126.50,1470.00,4100.00
11289650,180,6,28,210,30,89.41,106.00,126.00,1230.00,3662.00
11289650,181,6,29,210,30,88.92,106.00,126.00,1045.00,3474.00
11289650,182,6,30,210,30,88.08,104.75,126.00,703.50,3189.00
11289650,183,7,1,210,30,87.82,101.00,126.00,588.50,3009.00
11289650,184,7,2,210,30,87.82,101.00,126.00,554.50,2981.00
11289650,185,7,3,210,30,87.17,101.00,125.00,507.50,2577.00
11289650,186,7,4,210,30,87.84,99.03,119.00,491.25,2272.00
11289650,187,7,5,210,30,88.29,99.10,117.00,491.00,2272.00
11289650,188,7,6,210,30,89.65,99.33,117.00,491.00,2389.00
11289650,189,7,7,210,30,91.06,99.60,117.00,491.00,2389.00
11289650,190,7,8,210,30,91.60,100.00,117.00,490.25,2389.00
11289650,191,7,9,210,30,92.11,101.00,117.00,489.25,2389.00
11289650,192,7,10,210,30,92.23,101.00,117.00,489.00,2134.00
11289650,193,7,11,210,30,92.02,101.00,117.00,489.00,1825.00
11289650,194,7,12,210,30,92.02,101.00,117.50,489.00,1578.00
11289650,195,7,13,210,30,92.02,101.00,119.00,489.00,1556.00
11289650,196,7,14,210,30,92.20,101.00,120.50,489.00,1509.00
11289650,197,7,15,210,30,92.20,100.00,123.00,489.00,1509.00
11289650,198,7,16,210,30,92.02,99.90,119.00,489.00,1509.00
11289650,199,7,17,210,30,92.02,99.25,117.50,489.00,1545.00
11289650,200,7,18,210,30,92.20,99.05,117.50,489.25,1545.00
11289650,201,7,19,210,30,92.00,99.08,117.00,494.25,1478.00
11289650,202,7,20,210,30,92.02,99.10,117.00,519.75,1369.00
11289650,203,7,21,210,30,92.20,99.30,117.00,558.50,1352.00
11289650,204,7,22,210,30,92.20,100.75,117.00,560.25,1189.00
11289650,205,7,23,210,30,92.20,101.00,117.00,561.25,1170.00
11289650,206,7,24,210,30,92.31,101.00,117.00,562.00,1149.00
11289650,207,7,25,210,30,92.70,101.00,116.00,562.00,1139.00
11289650,208,7,26,210,30,92.92,102.75,116.00,561.25,1121.00
11289650,209,7,27,210,30,93.61,103.00,116.00,561.25,1119.00
11289650,210,7,28,210,30,94.62,101.75,116.00,545.25,1100.10
11289650,211,7,29,210,30,94.62,100.75,115.50,502.50,1139.00
11289650,212,7,30,210,30,94.62,99.58,115.00,448.75,1139.00
11289650,213,7,31,210,30,94.60,99.43,115.00,398.25,1149.00
11289650,214,8,1,210,30,93.57,98.40,115.00,364.25,1149.00
11289650,215,8,2,210,30,93.05,98.00,113.00,357.00,1150.00
11289650,216,8,3,210,30,92.82,97.18,113.00,356.25,1178.00
11289650,217,8,4,210,30,93.05,97.10,113.00,355.25,1225.00
11289650,218,8,5,210,30,93.51,97.40,113.00,344.50,1423.00
11289650,219,8,6,210,30,93.81,97.40,113.00,325.25,1400.00
11289650,220,8,7,210,30,93.81,97.55,113.50,317.00,1400.00
11289650,221,8,8,210,30,93.90,98.68,114.50,315.25,1400.00
11289650,222,8,9,210,30,94.11,99.18,115.50,315.25,1400.00
11289650,223,8,10,210,30,94.11,99.30,116.00,315.00,1580.00
11289650,224,8,11,210,30,94.00,99.53,117.50,315.00,1580.00
11289650,225,8,12,210,30,94.02,100.00,118.00,315.50,1734.00
11289650,226,8,13,210,30,94.02,101.00,118.50,317.25,2064.00
11289650,227,8,14,210,30,94.23,101.75,119.00,356.25,2080.00
11289650,228,8,15,210,30,94.23,102.75,118.50,499.00,2089.00
11289650,229,8,16,210,30,94.06,103.00,118.00,589.25,2089.00
11289650,230,8,17,210,30,94.06,102.75,118.50,591.00,2090.00
11289650,231,8,18,210,30,93.70,101.75,118.50,591.00,2090.00
11289650,232,8,19,210,30,92.52,101.00,119.00,591.00,2099.00
11289650,233,8,20,210,30,92.22,98.80,119.00,591.00,2416.00
11289650,234,8,21,210,30,91.54,98.13,123.50,590.00,2349.00
11289650,235,8,22,210,30,91.41,97.35,123.50,590.00,2340.00
11289650,236,8,23,210,30,91.22,97.05,123.50,548.00,2329.00
11289650,237,8,24,210,30,91.22,96.40,123.50,445.50,2319.00
11289650,238,8,25,210,30,91.63,96.80,116.50,355.25,2311.00
11289650,239,8,26,210,30,91.90,97.03,113.00,338.25,2075.00
11289650,240,8,27,210,30,92.00,97.78,113.00,325.00,1786.00
11289650,241,8,28,210,30,92.01,97.35,112.00,322.75,1570.00
11289650,242,8,29,210,30,92.02,98.38,112.00,319.00,1388.00
11289650,243,8,30,210,30,92.22,98.15,113.00,318.00,1199.00
11289650,244,8,31,210,30,92.01,97.70,114.00,314.50,1030.40
11289650,245,9,1,210,30,91.50,97.55,115.00,313.25,1023.60
11289650,246,9,2,210,30,91.41,97.85,121.50,310.50,1021.80
11289650,247,9,3,210,30,91.40,98.28,154.00,310.50,1021.80
11289650,248,9,4,210,30,91.13,98.63,171.00,309.25,1021.80
11289650,249,9,5,210,30,91.40,99.08,182.50,310.00,1021.80
11289650,250,9,6,210,30,91.41,99.38,181.50,309.75,1021.80
11289650,251,9,7,210,30,91.81,99.50,181.50,309.00,1021.80
11289650,252,9,8,210,30,92.01,99.40,181.50,308.25,1196.10
11289650,253,9,9,210,30,91.71,99.10,181.50,307.25,1032.20
11289650,254,9,10,210,30,91.33,98.68,177.50,307.25,893.80
11289650,255,9,11,210,30,91.12,97.98,154.00,308.25,902.10
11289650,256,9,12,210,30,87.91,97.25,154.00,308.25,902.10
11289650,257,9,13,210,30,85.52,96.50,154.00,307.25,732.20
11289650,258,9,14,210,30,84.32,95.73,153.50,307.25,647.70
11289650,259,9,15,210,30,83.38,93.70,154.50,307.00,595.90
11289650,260,9,16,210,30,81.94,93.20,155.00,307.00,595.80
11289650,261,9,17,210,30,81.94,93.20,155.00,307.25,557.00
11289650,262,9,18,210,30,81.94,93.20,155.50,307.25,556.00
11289650,263,9,19,210,30,82.32,93.05,155.50,308.25,554.80
11289650,264,9,20,210,30,83.38,93.05,155.50,309.00,553.00
11289650,265,9,21,210,30,85.56,92.85,156.00,310.00,553.00
11289650,266,9,22,210,30,87.91,93.13,156.00,310.00,552.80
11289650,267,9,23,210,30,88.30,93.48,156.00,309.25,534.50
11289650,268,9,24,210,30,88.31,93.48,155.50,309.00,374.70
11289650,269,9,25,210,30,88.33,93.58,155.50,309.00,369.10
11289650,270,9,26,210,30,88.60,94.18,155.50,309.00,374.70
11289650,271,9,27,210,30,88.33,94.90,174.00,310.25,380.40
11289650,272,9,28,210,31,88.82,96.88,193.00,314.25,384.90
11289650,273,9,29,210,31,90.36,100.75,199.50,324.50,424.90
11289650,274,9,30,210,31,91.90,106.00,209.00,338.00,517.90
11289650,275,10,1,210,31,94.99,111.25,216.50,342.00,518.90
11289650,276,10,2,210,31,97.30,115.00,220.00,354.00,521.70
11289650,277,10,3,210,31,101.00,127.75,222.50,358.00,534.00
11289650,278,10,4,210,30,108.10,136.75,225.00,360.25,536.00
11289650,279,10,5,210,30,109.20,144.75,225.00,366.25,597.90
11289650,280,10,6,210,30,111.00,149.25,225.00,367.25,677.70
11289650,281,10,7,210,30,114.00,152.00,225.50,373.75,860.90
11289650,282,10,8,210,30,114.00,154.00,226.00,406.25,916.40
11289650,283,10,9,210,30,114.00,160.25,227.00,429.25,922.60
11289650,284,10,10,210,30,115.00,166.00,228.50,453.75,967.20
11289650,285,10,11,210,30,115.10,167.00,230.50,463.50,940.10
11289650,286,10,12,210,30,116.00,169.00,317.50,478.75,922.60
11289650,287,10,13,210,30,118.60,171.75,337.00,500.00,918.00
11289650,288,10,14,210,30,125.10,174.00,339.00,519.00,905.70
11289650,289,10,15,210,30,133.40,174.00,359.00,546.50,896.70
11289650,290,10,16,210,30,140.20,175.00,359.00,556.50,920.60
11289650,291,10,17,210,30,161.00,175.00,359.00,568.75,875.40
11289650,292,10,18,210,30,162.00,179.75,357.00,563.25,869.10
11289650,293,10,19,210,30,163.10,181.75,359.00,560.75,819.70
11289650,294,10,20,210,30,164.10,185.75,359.00,555.50,814.50
11289650,295,10,21,210,30,165.00,192.25,349.00,557.00,814.10
11289650,296,10,22,210,30,167.00,213.00,349.00,553.00,787.50
11289650,297,10,23,210,30,168.00,251.50,346.00,551.00,782.80
11289650,298,10,24,210,30,172.10,246.50,346.00,519.75,773.90
11289650,299,10,25,210,30,172.10,230.50,346.00,481.50,774.20
11289650,300,10,26,210,30,172.10,213.75,345.50,472.50,774.20
11289650,301,10,27,210,30,172.00,213.00,338.00,427.50,749.90
11289650,302,10,28,210,30,170.00,212.50,334.50,406.25,720.70
11289650,303,10,29,210,30,169.00,200.50,331.00,399.25,674.40
11289650,304,10,30,210,30,167.00,188.50,329.00,388.25,580.40
11289650,305,10,31,210,30,167.00,185.00,326.00,375.25,476.90
11289650,306,11,1,210,30,166.10,184.00,314.50,367.00,423.70
11289650,307,11,2,210,30,166.00,181.50,309.00,366.00,411.80
11289650,308,11,3,210,30,166.00,179.50,309.00,364.25,410.00
11289650,309,11,4,210,30,166.00,176.75,300.00,364.00,409.90
11289650,310,11,5,210,30,165.00,176.00,283.00,363.00,406.90
11289650,311,11,6,210,30,165.00,175.00,272.50,363.00,401.40
11289650,312,11,7,210,30,165.00,175.00,263.50,362.00,391.90
11289650,313,11,8,210,30,165.00,175.00,263.50,362.00,390.90
11289650,314,11,9,210,30,165.10,175.00,263.00,361.00,388.00
11289650,315,11,10,210,30,165.00,174.75,255.00,354.25,387.00
11289650,316,11,11,210,30,165.00,174.00,255.00,352.75,385.70
11289650,317,11,12,210,30,165.00,174.00,255.00,354.25,382.90
11289650,318,11,13,210,30,165.00,175.75,254.50,354.25,382.00
11289650,319,11,14,210,30,165.00,176.00,254.50,355.25,381.80
11289650,320,11,15,210,30,165.00,176.00,254.50,356.25,379.70
11289650,321,11,16,210,30,165.10,176.00,249.00,357.50,376.50
11289650,322,11,17,210,30,166.10,176.75,242.00,357.50,370.90
11289650,323,11,18,210,30,167.50,176.00,241.50,357.50,369.80
11289650,324,11,19,210,30,167.50,176.00,243.50,356.25,368.00
11289650,325,11,20,210,30,167.40,176.00,243.50,355.00,368.00
11289650,326,11,21,210,30,167.40,176.00,243.50,355.00,368.00
11289650,327,11,22,210,30,165.40,176.00,243.50,354.25,369.80
11289650,328,11,23,210,30,164.10,176.00,243.00,354.00,370.00
11289650,329,11,24,210,30,164.00,176.00,243.00,354.00,377.00
11289650,330,11,25,210,30,164.00,176.00,248.00,354.00,380.00
11289650,331,11,26,210,30,164.00,174.75,248.00,354.00,381.00
11289650,332,11,27,210,30,164.00,174.00,247.00,354.00,387.00
11289650,333,11,28,210,30,164.00,174.00,247.00,354.25,388.00
11289650,334,11,29,210,30,164.00,174.00,247.00,355.00,388.00
11289650,335,11,30,210,30,164.00,174.75,247.00,357.75,388.90
11289650,336,12,1,210,30,164.00,174.00,247.00,359.25,398.90
11289650,337,12,2,210,30,164.00,174.00,241.50,360.00,400.90
11289650,338,12,3,210,30,164.00,174.75,241.50,360.25,402.00
11289650,339,12,4,210,30,164.00,174.75,242.50,361.00,403.90
11289650,340,12,5,210,30,164.10,174.75,242.50,360.00,405.00
11289650,341,12,6,210,30,165.00,174.00,242.00,360.00,563.40
11289650,342,12,7,210,30,165.00,174.00,242.50,360.00,1066.50
11289650,343,12,8,210,30,165.00,174.00,242.50,360.25,1066.50
11289650,344,12,9,210,30,165.00,174.00,244.50,360.00,1066.50
11289650,345,12,10,210,30,165.00,174.00,244.50,358.25,1066.50
11289650,346,12,11,210,30,165.00,174.00,244.50,358.25,1066.50
11289650,347,12,12,210,30,165.10,174.00,245.50,359.50,1202.00
11289650,348,12,13,210,30,165.10,174.00,245.50,361.50,1508.00
11289650,349,12,14,210,30,165.10,174.00,246.00,363.25,1510.10
11289650,350,12,15,210,30,166.00,174.75,246.00,363.75,1510.10
11289650,351,12,16,210,30,165.10,175.00,246.00,366.00,1510.10
11289650,352,12,17,210,30,166.00,174.00,246.00,363.75,1560.50
11289650,353,12,18,210,30,166.00,174.00,246.00,356.25,1659.00
11289650,354,12,19,210,30,165.00,174.00,246.00,353.25,1687.00
11289650,355,12,20,210,30,165.00,174.00,246.00,353.25,1798.00
11289650,356,12,21,210,30,165.00,174.00,246.00,353.00,1828.00
11289650,357,12,22,210,30,165.00,174.00,246.00,352.25,1839.00
11289650,358,12,23,210,30,165.10,174.00,245.00,351.50,1840.00
11289650,359,12,24,210,30,164.10,174.00,245.00,351.50,1840.00
11289650,360,12,25,210,30,162.10,174.00,245.00,349.25,1840.00
11289650,361,12,26,210,30,162.10,174.00,245.00,347.25,1837.00
11289650,362,12,27,210,30,162.10,174.00,245.00,347.25,1738.60
11289650,363,12,28,210,30,162.00,174.00,245.00,347.25,1782.40
11289650,364,12,29,210,31,162.10,174.00,245.00,347.00,2114.10
11289650,365,12,30,210,31,163.00,174.00,245.00,347.00,3102.80
11289650,366,12,31,210,31,163.00,174.00,256.00,348.25,3308.00
11290000,1,1,1,210,31,203.10,250.00,385.50,489.00,3922.00
11290000,2,1,2,210,31,204.10,261.25,395.50,506.75,4501.00
11290000,3,1,3,210,31,205.00,266.75,402.50,549.25,4947.00
11290000,4,1,4,210,30,205.00,270.25,404.00,564.00,5694.00
11290000,5,1,5,210,30,205.00,276.75,406.00,558.25,5826.00
11290000,6,1,6,210,30,205.00,292.25,407.00,552.75,5826.00
11290000,7,1,7,210,30,205.00,298.75,407.00,551.25,5826.00
11290000,8,1,8,210,30,205.00,297.50,404.50,551.25,5694.00
11290000,9,1,9,210,30,204.10,297.50,403.00,551.25,5502.00
11290000,10,1,10,210,30,204.00,286.75,393.50,551.25,5259.00
11290000,11,1,11,210,30,202.10,282.75,384.50,553.50,5149.00
11290000,12,1,12,210,30,200.20,280.75,372.50,556.00,4933.00
11290000,13,1,13,210,30,200.00,278.50,369.50,578.75,4985.00
11290000,14,1,14,210,30,199.00,270.50,370.00,602.75,4987.00
11290000,15,1,15,210,30,199.00,269.75,370.00,602.75,4987.00
11290000,16,1,16,210,30,198.10,269.75,371.50,602.75,4987.00
11290000,17,1,17,210,30,197.10,269.75,374.50,611.00,5017.00
11290000,18,1,18,210,30,197.10,272.50,376.50,621.75,5017.00
11290000,19,1,19,210,30,197.10,274.75,388.50,645.75,5119.00
11290000,20,1,20,210,30,194.30,275.00,399.50,689.00,5014.00
11290000,21,1,21,210,30,193.10,276.00,414.50,920.50,4940.00
11290000,22,1,22,210,30,192.00,276.00,422.00,1045.00,4914.00
11290000,23,1,23,210,30,190.10,276.00,422.00,1097.50,4661.00
11290000,24,1,24,210,30,190.00,278.00,421.50,1097.50,4506.00
11290000,25,1,25,210,30,190.00,279.50,419.00,1372.50,4299.00
11290000,26,1,26,210,30,190.00,281.50,414.00,1707.50,3961.00
11290000,27,1,27,210,30,190.10,282.75,413.00,1707.50,3876.00
11290000,28,1,28,210,30,191.30,285.75,408.00,1707.50,3798.00
11290000,29,1,29,210,30,196.00,285.75,405.00,1825.00,3636.00
11290000,30,1,30,210,30,196.00,285.75,405.50,1745.00,3636.00
11290000,31,1,31,210,30,196.00,282.75,405.00,1825.00,3658.00
11290000,32,2,1,210,30,196.00,278.50,406.00,2025.00,4180.00
11290000,33,2,2,210,30,196.00,272.75,412.00,2025.00,4701.00
11290000,34,2,3,210,30,194.20,270.75,429.00,2025.00,4981.00
11290000,35,2,4,210,30,195.10,269.00,431.00,2025.00,5444.00
11290000,36,2,5,210,30,195.10,266.75,431.00,2057.50,5998.00
11290000,37,2,6,210,30,196.00,265.75,429.50,2125.00,6599.00
11290000,38,2,7,210,30,196.00,265.00,427.00,2125.00,6599.00
11290000,39,2,8,210,30,196.10,265.00,426.00,2125.00,6599.00
11290000,40,2,9,210,30,198.70,264.50,426.00,2102.50,6638.00
11290000,41,2,10,210,30,205.00,265.00,426.00,2102.50,6787.00
11290000,42,2,11,210,30,205.00,265.75,426.00,2185.00,6787.00
11290000,43,2,12,210,30,203.10,264.50,426.00,2410.00,6788.00
11290000,44,2,13,210,30,199.10,264.50,426.50,2502.50,6788.00
11290000,45,2,14,210,30,197.10,268.75,434.50,2932.50,6770.00
11290000,46,2,15,210,30,197.10,269.75,434.50,2952.50,6770.00
11290000,47,2,16,210,30,197.10,271.75,441.00,3032.50,6770.00
11290000,48,2,17,210,30,198.10,274.75,449.00,3200.00,6768.00
11290000,49,2,18,210,30,198.10,275.00,456.00,3482.50,6766.00
11290000,50,2,19,210,30,199.10,278.75,449.00,3607.50,6766.00
11290000,51,2,20,210,30,201.30,278.75,447.50,3925.00,6763.00
11290000,52,2,21,210,30,204.00,279.75,444.00,4035.00,7132.00
11290000,53,2,22,210,30,204.00,280.00,447.50,4085.00,7234.00
11290000,54,2,23,210,30,199.50,280.75,449.00,4132.50,7234.00
11290000,55,2,24,210,30,195.00,280.00,447.50,4215.00,7234.00
11290000,56,2,25,210,30,194.00,280.00,435.50,4312.50,7234.00
11290000,57,2,26,188,30,192.90,280.25,459.50,4482.50,6637.00
11290000,58,2,27,188,30,191.90,281.50,491.50,4607.50,6403.00
11290000,59,2,28,188,30,190.00,283.00,504.00,4640.00,6464.00
11290000,60,2,29,188,30,190.00,280.75,491.50,4665.00,6743.00
11290000,61,3,1,188,30,189.00,274.75,461.00,4712.50,6990.00
11290000,62,3,2,188,30,189.00,272.25,461.00,4860.00,6652.00
11290000,63,3,3,188,30,189.00,272.25,490.00,4860.00,6652.00
11290000,64,3,4,210,30,189.00,276.75,504.00,4882.50,6613.00
11290000,65,3,5,210,30,189.10,279.50,520.00,4925.00,6549.00
11290000,66,3,6,210,30,191.10,283.25,524.00,4982.50,6534.00
11290000,67,3,7,210,30,194.30,284.75,524.00,4992.50,6456.00
11290000,68,3,8,210,30,200.00,285.00,524.00,4982.50,6350.00
11290000,69,3,9,210,30,197.30,286.50,520.00,4972.50,6350.00
11290000,70,3,10,210,30,197.00,287.75,514.50,4865.00,6350.00
11290000,71,3,11,210,30,197.00,290.75,514.50,4637.50,6350.00
11290000,72,3,12,210,30,197.00,290.75,514.00,4455.00,6413.00
11290000,73,3,13,210,30,197.00,292.00,536.50,4377.50,6347.00
11290000,74,3,14,210,30,196.10,293.50,569.50,4310.00,6313.00
11290000,75,3,15,210,30,193.20,296.25,595.50,4055.00,6718.00
11290000,76,3,16,210,30,193.00,295.50,602.50,3972.50,6853.00
11290000,77,3,17,210,30,193.00,294.00,614.00,3945.00,6853.00
11290000,78,3,18,210,30,193.00,294.00,614.00,3900.00,6959.00
11290000,79,3,19,210,30,193.00,296.00,641.00,3810.00,6960.00
11290000,80,3,20,210,30,193.00,295.50,670.00,3810.00,6978.00
11290000,81,3,21,210,30,193.00,293.75,670.00,3810.00,7009.00
11290000,82,3,22,210,30,193.00,291.00,599.50,3862.50,7030.00
11290000,83,3,23,210,30,194.00,290.75,563.00,4045.00,7093.00
11290000,84,3,24,210,30,194.20,290.00,556.50,4202.50,7271.00
11290000,85,3,25,210,30,195.10,291.00,546.50,4352.50,7595.00
11290000,86,3,26,210,30,196.50,287.00,533.00,4552.50,7595.00
11290000,87,3,27,210,30,201.10,286.50,526.50,4742.50,7732.00
11290000,88,3,28,210,30,202.50,286.50,524.00,4945.00,7903.00
11290000,89,3,29,210,30,207.20,290.75,519.50,5020.00,7923.00
11290000,90,3,30,210,30,202.50,292.75,514.00,4975.00,7978.00
11290000,91,3,31,210,30,206.10,295.75,514.00,4750.00,7978.00
11290000,92,4,1,210,30,206.10,302.75,534.00,4695.00,8036.00
11290000,93,4,2,210,30,207.30,302.75,551.50,4695.00,8103.00
11290000,94,4,3,210,30,210.00,302.75,570.50,4695.00,8112.00
11290000,95,4,4,210,30,210.00,301.25,653.50,4695.00,8035.00
11290000,96,4,5,210,30,210.00,300.50,662.00,4652.50,7990.00
11290000,97,4,6,210,30,210.10,307.00,662.00,4377.50,7990.00
11290000,98,4,7,210,30,211.30,312.75,662.00,4115.00,7985.00
11290000,99,4,8,210,30,215.10,314.75,657.50,4080.00,7913.00
11290000,100,4,9,210,30,220.10,315.75,655.00,3937.50,7895.00
11290000,101,4,10,210,30,220.10,318.50,653.00,3915.00,7895.00
11290000,102,4,11,210,30,221.00,320.00,650.00,4000.00,7938.00
11290000,103,4,12,210,30,221.00,325.00,660.00,4000.00,7978.00
11290000,104,4,13,210,30,223.00,374.75,745.00,4037.50,7980.00
11290000,105,4,14,210,30,229.10,404.75,937.50,4065.00,7989.00
11290000,106,4,15,210,30,244.20,427.00,1205.00,4127.50,7990.00
11290000,107,4,16,210,30,267.20,474.00,1340.00,4245.00,8098.00
11290000,108,4,17,210,30,299.10,508.00,1420.00,4222.50,8098.00
11290000,109,4,18,210,30,313.10,574.50,1455.00,4135.00,8098.00
11290000,110,4,19,210,30,365.90,716.25,1465.00,4035.00,8098.00
11290000,111,4,20,210,30,397.10,729.75,1445.00,3945.00,8098.00
11290000,112,4,21,210,30,435.40,762.00,1380.00,3902.50,8341.00
11290000,113,4,22,210,30,448.40,763.00,1270.00,3862.50,8444.00
11290000,114,4,23,210,30,401.20,757.50,1230.00,3845.00,8437.00
11290000,115,4,24,210,30,374.60,758.75,1210.00,3722.50,8412.00
11290000,116,4,25,210,30,322.70,753.75,1170.00,3667.50,8392.00
11290000,117,4,26,210,30,309.10,751.75,1170.00,3615.00,8374.00
11290000,118,4,27,210,30,277.30,726.50,1195.00,3457.50,8344.00
11290000,119,4,28,210,30,250.10,691.75,1225.00,3357.50,8441.00
11290000,120,4,29,210,30,229.50,688.00,1245.00,3232.50,8544.00
11290000,121,4,30,210,30,212.10,691.00,1250.00,3122.50,8427.00
11290000,122,5,1,210,30,209.20,684.50,1250.00,3075.00,8264.00
11290000,123,5,2,210,30,206.20,684.50,1250.00,3117.50,8122.00
11290000,124,5,3,210,30,206.20,686.50,1260.00,3117.50,7801.00
11290000,125,5,4,210,30,208.10,687.00,1295.00,3117.50,7566.00
11290000,126,5,5,210,30,205.10,696.00,1305.00,3200.00,7558.00
11290000,127,5,6,210,30,202.00,687.00,1310.00,3252.50,7583.00
11290000,128,5,7,210,30,198.40,685.50,1315.00,3265.00,7583.00
11290000,129,5,8,210,30,196.20,682.25,1320.00,3282.50,7583.00
11290000,130,5,9,210,30,199.00,646.25,1320.00,3282.50,7586.00
11290000,131,5,10,210,30,198.80,630.75,1315.00,3300.00,7586.00
11290000,132,5,11,210,30,192.40,616.75,1315.00,3400.00,7895.00
11290000,133,5,12,210,30,192.50,601.25,1255.00,3450.00,7966.00
11290000,134,5,13,210,30,192.50,586.00,1070.00,3455.00,8021.00
11290000,135,5,14,210,30,192.50,549.25,1025.00,3455.00,8080.00
11290000,136,5,15,210,30,196.10,468.50,1000.00,3472.50,8086.00
11290000,137,5,16,210,30,196.10,443.25,974.50,3482.50,8077.00
11290000,138,5,17,210,30,192.40,408.50,949.50,3492.50,8077.00
11290000,139,5,18,210,30,196.10,355.00,795.50,3667.50,7528.00
11290000,140,5,19,210,30,193.30,337.50,739.00,3780.00,7420.00
11290000,141,5,20,210,30,192.10,324.50,689.50,3962.50,7384.00
11290000,142,5,21,210,30,192.00,314.00,634.50,3970.00,7213.00
11290000,143,5,22,210,30,188.10,301.00,594.00,3962.50,6817.00
11290000,144,5,23,210,30,185.20,288.50,584.00,3960.00,6788.00
11290000,145,5,24,210,30,187.20,285.50,555.00,3697.50,6667.00
11290000,146,5,25,210,30,187.20,280.75,546.00,3407.50,6334.00
11290000,147,5,26,210,30,187.00,279.75,520.50,3340.00,6259.00
11290000,148,5,27,210,30,187.00,279.75,509.00,3340.00,6215.00
11290000,149,5,28,210,30,187.20,278.25,469.50,3282.50,5856.00
11290000,150,5,29,210,30,187.00,275.50,427.00,3282.50,5633.00
11290000,151,5,30,210,30,187.20,272.75,416.50,3275.00,5487.00
11290000,152,5,31,210,30,184.10,254.50,408.00,2842.50,5412.00
11290000,153,6,1,210,30,174.30,236.25,380.50,2470.00,5337.00
11290000,154,6,2,210,30,160.50,225.75,370.50,2342.50,5301.00
11290000,155,6,3,210,30,147.00,218.25,355.00,2342.50,5215.00
11290000,156,6,4,210,30,130.00,206.50,345.50,2292.50,5169.00
11290000,157,6,5,210,30,115.10,197.25,339.00,2292.50,5169.00
11290000,158,6,6,210,30,109.20,170.00,320.50,2277.50,5169.00
11290000,159,6,7,210,30,105.00,164.25,305.50,2380.00,5556.00
11290000,160,6,8,210,30,102.20,155.75,296.50,2560.00,5570.00
11290000,161,6,9,210,30,101.10,167.25,275.50,2560.00,5570.00
11290000,162,6,10,210,30,100.10,170.75,268.50,2560.00,5570.00
11290000,163,6,11,210,30,100.10,167.00,261.00,3065.00,5570.00
11290000,164,6,12,210,30,99.37,164.75,256.50,3512.50,5354.00
11290000,165,6,13,210,30,99.37,157.00,255.50,3525.00,5294.00
11290000,166,6,14,210,30,101.00,155.50,249.50,3525.00,5237.00
11290000,167,6,15,210,30,102.00,153.50,244.00,3512.50,5174.00
11290000,168,6,16,210,30,101.10,151.50,242.50,3512.50,5070.00
11290000,169,6,17,210,30,101.10,149.75,239.00,3232.50,5069.00
11290000,170,6,18,210,30,101.10,148.00,238.50,2482.50,5069.00
11290000,171,6,19,210,30,100.10,141.75,237.50,1985.00,5035.00
11290000,172,6,20,210,30,100.20,139.25,237.50,1725.00,5035.00
11290000,173,6,21,210,30,100.20,139.75,237.50,1550.00,4989.00
11290000,174,6,22,210,30,99.91,139.75,237.50,1517.50,4989.00
11290000,175,6,23,210,30,99.27,140.50,238.50,1517.50,4979.00
11290000,176,6,24,210,30,98.93,151.00,238.00,1517.50,4969.00
11290000,177,6,25,210,30,99.27,154.25,238.00,1602.50,4770.00
11290000,178,6,26,210,30,99.27,154.25,237.50,1602.50,4633.00
11290000,179,6,27,210,30,98.98,158.00,238.00,1602.50,4543.00
11290000,180,6,28,210,30,97.90,157.25,238.50,1602.50,4041.00
11290000,181,6,29,210,30,101.10,154.25,239.00,1570.00,3750.00
11290000,182,6,30,210,30,103.10,152.00,239.00,1365.00,3456.00
11290000,183,7,1,210,30,104.00,152.00,240.50,1142.50,3308.00
11290000,184,7,2,210,30,104.00,155.75,244.00,932.00,3224.00
11290000,185,7,3,210,30,100.13,157.75,248.00,841.00,2885.00
11290000,186,7,4,210,30,99.51,157.75,248.50,799.25,2678.00
11290000,187,7,5,210,30,97.88,160.00,248.00,790.75,2406.00
11290000,188,7,6,210,30,97.43,160.00,248.00,755.25,2370.00
11290000,189,7,7,210,30,96.26,155.25,249.50,739.00,2370.00
11290000,190,7,8,210,30,97.74,158.25,251.50,712.50,2370.00
11290000,191,7,9,210,30,96.98,158.25,252.50,687.25,2370.00
11290000,192,7,10,210,30,97.20,161.25,252.50,681.25,2370.00
11290000,193,7,11,210,30,98.39,162.75,252.50,674.50,2363.00
11290000,194,7,12,210,30,99.83,162.75,257.00,660.50,2076.00
11290000,195,7,13,210,30,101.10,163.75,257.00,630.50,1839.00
11290000,196,7,14,210,30,102.10,164.75,259.50,628.50,1821.00
11290000,197,7,15,210,30,99.93,165.75,257.00,615.75,1732.00
11290000,198,7,16,210,30,102.00,165.75,260.50,609.50,1732.00
11290000,199,7,17,210,30,102.10,165.75,269.50,596.75,1738.00
11290000,200,7,18,210,30,102.00,170.50,276.50,596.75,1738.00
11290000,201,7,19,210,30,102.00,172.75,270.00,593.50,1738.00
11290000,202,7,20,210,30,98.38,172.75,279.00,587.00,1714.00
11290000,203,7,21,210,30,94.51,171.75,279.00,585.00,1654.00
11290000,204,7,22,210,30,93.60,167.00,280.50,582.75,1552.00
11290000,205,7,23,210,30,91.27,164.25,280.50,582.75,1448.00
11290000,206,7,24,210,30,92.06,164.25,280.50,582.75,1429.00
11290000,207,7,25,210,30,92.06,155.50,280.50,580.50,1419.00
11290000,208,7,26,210,30,98.93,155.50,280.50,579.25,1410.00
11290000,209,7,27,210,30,101.30,155.50,274.50,568.00,1364.00
11290000,210,7,28,210,30,105.50,152.50,269.00,562.25,1361.00
11290000,211,7,29,210,30,112.00,155.50,270.50,559.00,1334.00
11290000,212,7,30,210,30,110.20,155.50,269.00,549.00,1368.00
11290000,213,7,31,210,30,110.20,154.50,269.00,536.50,1368.00
11290000,214,8,1,210,30,108.40,156.75,269.00,527.50,1368.00
11290000,215,8,2,210,30,100.71,156.75,271.50,514.25,1368.00
11290000,216,8,3,210,30,96.48,156.75,271.50,501.25,1388.00
11290000,217,8,4,210,30,96.01,161.50,273.50,501.25,1399.00
11290000,218,8,5,210,30,93.60,164.50,273.50,501.25,1463.00
11290000,219,8,6,210,30,94.56,164.50,275.00,503.25,1625.00
11290000,220,8,7,210,30,96.47,171.00,285.00,508.50,1571.00
11290000,221,8,8,210,30,100.00,173.00,285.00,515.25,1571.00
11290000,222,8,9,210,30,102.00,173.75,282.00,515.25,1571.00
11290000,223,8,10,210,30,102.00,173.00,282.00,516.75,1571.00
11290000,224,8,11,210,30,102.00,172.75,282.00,516.75,1716.00
11290000,225,8,12,210,30,102.00,172.00,282.00,514.25,1734.00
11290000,226,8,13,210,30,102.00,170.75,281.50,518.25,1770.00
11290000,227,8,14,210,30,98.74,166.75,277.00,522.50,1997.00
11290000,228,8,15,210,30,98.02,157.50,278.50,540.00,2029.00
11290000,229,8,16,210,30,98.00,155.50,278.50,654.25,2029.00
11290000,230,8,17,210,30,99.82,158.00,278.50,772.25,2029.00
11290000,231,8,18,210,30,100.20,158.75,278.50,777.00,2038.00
11290000,232,8,19,210,30,109.00,159.00,278.50,790.75,2038.00
11290000,233,8,20,210,30,109.10,159.00,278.50,798.25,2139.00
11290000,234,8,21,210,30,110.10,159.00,278.50,796.00,2328.00
11290000,235,8,22,210,30,110.10,159.00,276.50,796.00,2316.00
11290000,236,8,23,210,30,112.10,159.00,269.00,793.00,2312.00
11290000,237,8,24,210,30,111.10,158.00,265.00,780.00,2321.00
11290000,238,8,25,210,30,106.30,157.50,265.00,693.50,2318.00
11290000,239,8,26,210,30,103.10,154.50,265.00,577.50,2318.00
11290000,240,8,27,210,30,103.10,150.00,266.00,548.00,2048.00
11290000,241,8,28,210,30,104.00,150.00,264.50,530.00,1849.00
11290000,242,8,29,210,30,103.00,150.00,260.00,524.75,1831.00
11290000,243,8,30,210,30,103.00,146.00,260.00,523.25,1603.00
11290000,244,8,31,210,30,103.00,153.75,260.00,523.25,1387.00
11290000,245,9,1,210,30,103.00,157.50,260.00,524.00,1209.00
11290000,246,9,2,210,30,103.10,157.50,260.00,528.50,1105.00
11290000,247,9,3,210,30,103.00,158.00,262.00,528.50,1093.50
11290000,248,9,4,210,30,102.00,158.00,264.00,524.00,1093.50
11290000,249,9,5,210,30,102.40,163.50,269.50,520.75,1093.50
11290000,250,9,6,210,30,102.40,163.50,269.50,512.75,1093.50
11290000,251,9,7,210,30,102.40,163.50,269.50,511.50,1093.50
11290000,252,9,8,210,30,104.20,166.25,273.00,510.25,1120.50
11290000,253,9,9,210,30,98.93,168.00,269.00,507.75,1247.70
11290000,254,9,10,210,30,98.15,168.75,268.00,507.75,1121.70
11290000,255,9,11,210,30,98.61,168.75,268.00,508.00,1034.70
11290000,256,9,12,210,30,98.74,168.75,264.50,511.25,1035.70
11290000,257,9,13,210,30,101.30,167.75,264.50,509.75,1035.70
11290000,258,9,14,210,30,101.30,166.75,264.50,509.75,906.00
11290000,259,9,15,210,30,104.00,162.00,264.50,509.75,889.70
11290000,260,9,16,210,30,105.00,158.75,270.50,509.75,859.10
11290000,261,9,17,210,30,107.00,157.75,282.00,511.25,838.40
11290000,262,9,18,210,30,107.00,157.75,278.00,511.25,734.40
11290000,263,9,19,210,30,107.10,157.75,271.00,506.50,637.80
11290000,264,9,20,210,30,107.00,157.75,267.50,502.50,583.50
11290000,265,9,21,210,30,107.30,159.50,267.50,502.50,577.90
11290000,266,9,22,210,30,110.20,159.50,267.50,499.75,575.80
11290000,267,9,23,210,30,112.10,153.75,261.50,498.25,564.60
11290000,268,9,24,210,30,113.00,157.00,256.50,494.75,560.80
11290000,269,9,25,210,30,110.20,157.00,256.50,491.50,555.80
11290000,270,9,26,210,30,106.00,157.00,261.50,489.00,548.00
11290000,271,9,27,210,30,105.10,157.25,267.00,483.00,539.50
11290000,272,9,28,210,31,106.10,157.75,283.50,479.50,539.50
11290000,273,9,29,210,31,109.30,161.50,289.00,479.00,572.30
11290000,274,9,30,210,31,116.20,168.75,290.00,483.00,576.80
11290000,275,10,1,210,31,121.00,176.00,300.50,483.00,608.60
11290000,276,10,2,210,31,123.20,178.75,303.50,484.00,641.10
11290000,277,10,3,210,31,126.00,195.50,307.50,497.00,702.80
11290000,278,10,4,210,30,131.00,212.25,327.50,518.00,728.40
11290000,279,10,5,210,30,132.00,217.25,333.00,545.75,897.90
11290000,280,10,6,210,30,134.30,219.75,329.50,551.25,936.80
11290000,281,10,7,210,30,137.20,224.75,329.50,563.25,953.60
11290000,282,10,8,210,30,140.00,224.75,335.00,581.00,966.60
11290000,283,10,9,210,30,146.00,226.50,339.00,587.25,991.90
11290000,284,10,10,210,30,146.80,227.00,343.50,600.25,1017.40
11290000,285,10,11,210,30,146.80,229.75,355.50,633.50,1128.00
11290000,286,10,12,210,30,148.60,229.75,369.00,667.75,1017.40
11290000,287,10,13,210,30,148.60,231.75,371.50,684.50,993.70
11290000,288,10,14,210,30,148.60,232.00,384.00,690.50,969.10
11290000,289,10,15,210,30,155.40,235.75,403.00,689.25,920.90
11290000,290,10,16,210,30,161.40,237.50,434.00,689.00,908.90
11290000,291,10,17,210,30,167.20,241.00,459.00,689.00,908.90
11290000,292,10,18,210,30,182.90,244.25,475.00,674.75,908.00
11290000,293,10,19,210,30,198.20,255.75,484.50,658.00,888.00
11290000,294,10,20,210,30,201.20,270.75,491.00,653.75,858.60
11290000,295,10,21,210,30,201.20,294.50,503.00,653.75,836.60
11290000,296,10,22,210,30,203.00,347.75,503.00,652.25,836.60
11290000,297,10,23,210,30,203.40,351.75,498.50,654.25,836.60
11290000,298,10,24,210,30,207.60,354.00,491.50,658.00,814.50
11290000,299,10,25,210,30,213.50,350.00,488.00,659.00,840.20
11290000,300,10,26,210,30,213.50,342.75,485.50,652.25,904.20
11290000,301,10,27,210,30,218.20,339.00,483.50,649.50,923.90
11290000,302,10,28,210,30,220.00,329.00,465.00,643.00,913.20
11290000,303,10,29,210,30,220.60,309.75,454.50,604.00,912.60
11290000,304,10,30,210,30,218.20,297.75,440.00,580.00,889.80
11290000,305,10,31,210,30,214.00,284.00,423.00,548.25,862.20
11290000,306,11,1,210,30,211.10,275.75,394.50,522.00,791.90
11290000,307,11,2,210,30,203.50,266.50,374.00,497.00,705.20
11290000,308,11,3,210,30,199.40,255.75,358.00,491.25,659.20
11290000,309,11,4,210,30,198.10,243.75,344.00,489.00,600.50
11290000,310,11,5,210,30,195.30,233.00,339.50,484.00,555.00
11290000,311,11,6,210,30,185.50,227.75,337.50,474.00,533.50
11290000,312,11,7,210,30,183.20,219.50,336.50,469.25,500.00
11290000,313,11,8,210,30,183.10,216.75,335.00,466.00,497.00
11290000,314,11,9,210,30,183.00,215.75,333.50,459.50,491.80
11290000,315,11,10,210,30,183.00,213.75,332.50,453.50,486.00
11290000,316,11,11,210,30,182.10,213.75,324.50,448.25,481.90
11290000,317,11,12,210,30,181.10,212.75,316.50,444.25,480.90
11290000,318,11,13,210,30,178.00,211.75,309.00,441.75,480.90
11290000,319,11,14,210,30,176.10,210.75,306.50,432.25,480.90
11290000,320,11,15,210,30,176.10,210.00,305.50,428.25,480.00
11290000,321,11,16,210,30,176.10,210.00,304.50,428.00,478.80
11290000,322,11,17,210,30,177.10,210.00,304.00,428.25,473.90
11290000,323,11,18,210,30,178.00,210.00,304.00,429.75,473.90
11290000,324,11,19,210,30,180.10,210.75,304.00,433.00,461.70
11290000,325,11,20,210,30,180.10,211.50,304.00,432.25,457.90
11290000,326,11,21,210,30,180.10,212.00,304.50,431.25,455.90
11290000,327,11,22,210,30,180.00,212.00,303.50,431.50,455.00
11290000,328,11,23,210,30,180.00,212.00,303.50,433.75,457.80
11290000,329,11,24,210,30,179.10,212.00,303.50,433.00,461.00
11290000,330,11,25,210,30,178.10,211.75,303.50,431.50,461.90
11290000,331,11,26,210,30,178.00,211.75,304.00,429.50,463.00
11290000,332,11,27,210,30,177.10,212.00,304.00,430.00,464.80
11290000,333,11,28,210,30,177.10,212.00,304.50,433.25,465.00
11290000,334,11,29,210,30,177.10,212.75,309.00,444.25,467.00
11290000,335,11,30,210,30,177.00,212.75,317.50,442.50,470.90
11290000,336,12,1,210,30,177.00,213.75,326.00,439.75,474.80
11290000,337,12,2,210,30,177.10,213.75,326.00,442.50,476.90
11290000,338,12,3,210,30,178.70,213.75,316.50,444.00,490.70
11290000,339,12,4,210,30,185.30,214.00,328.00,444.00,566.00
11290000,340,12,5,210,30,186.20,214.00,322.50,444.25,649.60
11290000,341,12,6,210,30,188.00,213.75,309.50,444.50,843.10
11290000,342,12,7,210,30,188.20,214.00,309.50,445.75,1001.10
11290000,343,12,8,210,30,190.10,215.75,316.00,452.00,1001.10
11290000,344,12,9,210,30,190.10,218.50,327.00,452.25,1040.40
11290000,345,12,10,210,30,191.10,222.50,333.50,467.25,1019.50
11290000,346,12,11,210,30,193.00,226.00,337.50,460.75,1015.00
11290000,347,12,12,210,30,198.10,228.00,337.50,460.00,1013.40
11290000,348,12,13,210,30,200.10,231.50,337.50,454.25,1202.40
11290000,349,12,14,210,30,203.00,233.00,339.50,458.50,1614.00
11290000,350,12,15,210,30,203.10,233.00,340.50,458.50,1605.00
11290000,351,12,16,210,30,203.00,232.25,342.00,455.25,1542.00
11290000,352,12,17,210,30,203.00,229.75,348.00,452.00,1542.00
11290000,353,12,18,210,30,201.10,229.00,353.00,452.00,1543.00
11290000,354,12,19,210,30,200.00,229.75,355.00,452.00,1663.00
11290000,355,12,20,210,30,198.10,235.25,359.00,452.25,1688.00
11290000,356,12,21,210,30,195.40,239.25,357.50,451.25,1744.00
11290000,357,12,22,210,30,195.40,243.00,357.50,448.50,1777.00
11290000,358,12,23,210,30,200.00,245.00,357.50,450.25,1789.00
11290000,359,12,24,210,30,202.10,246.50,359.00,454.00,1799.00
11290000,360,12,25,210,30,210.30,249.75,363.50,454.00,1799.00
11290000,361,12,26,210,30,210.10,252.25,364.00,456.00,1799.00
11290000,362,12,27,210,30,204.50,261.50,364.50,458.00,1845.00
11290000,363,12,28,210,30,203.10,270.00,365.50,458.00,2048.00
11290000,364,12,29,210,31,203.10,271.00,366.00,461.25,2478.00
11290000,365,12,30,210,31,203.10,266.25,367.50,465.25,3385.00
11290000,366,12,31,210,31,203.10,250.00,368.50,475.00,3482.00
11303000,1,1,1,210,31,204.00,234.75,365.50,839.50,1956.00
11303000,2,1,2,210,31,204.00,234.00,366.00,839.50,1906.00
11303000,3,1,3,210,31,204.00,242.25,365.50,789.25,1770.00
11303000,4,1,4,210,30,203.10,244.00,364.50,784.75,1650.00
11303000,5,1,5,210,30,207.20,248.75,366.00,771.25,1319.00
11303000,6,1,6,210,30,214.00,252.75,364.00,773.50,1169.00
11303000,7,1,7,210,30,215.10,254.50,362.00,776.50,1169.00
11303000,8,1,8,210,30,216.20,256.50,364.50,773.00,1278.00
11303000,9,1,9,210,30,219.50,271.25,363.50,790.00,1466.00
11303000,10,1,10,210,30,214.50,270.00,363.50,808.25,1805.00
11303000,11,1,11,210,30,214.00,274.75,363.00,813.00,1837.00
11303000,12,1,12,210,30,212.10,264.50,355.00,839.50,1876.00
11303000,13,1,13,210,30,211.10,261.50,352.50,949.50,2306.00
11303000,14,1,14,210,30,210.00,269.00,353.50,962.25,2418.00
11303000,15,1,15,210,30,209.10,273.00,356.50,990.50,2306.00
11303000,16,1,16,210,30,208.10,273.00,361.00,1020.00,2231.00
11303000,17,1,17,210,30,204.40,273.00,361.50,1022.50,2225.00
11303000,18,1,18,210,30,204.60,273.00,361.50,1032.50,2162.00
11303000,19,1,19,210,30,210.20,273.00,362.00,1040.00,2160.00
11303000,20,1,20,210,30,211.20,273.00,362.50,1042.50,1799.00
11303000,21,1,21,210,30,213.10,273.00,365.00,1040.00,1779.00
11303000,22,1,22,210,30,213.10,272.00,365.50,992.00,1677.00
11303000,23,1,23,210,30,213.10,272.00,369.50,962.00,1785.00
11303000,24,1,24,210,30,215.40,271.75,370.00,877.50,1969.00
11303000,25,1,25,210,30,220.00,271.00,381.00,832.75,1944.00
11303000,26,1,26,210,30,229.00,271.00,400.50,814.75,1927.00
11303000,27,1,27,210,30,229.20,270.00,402.00,804.00,1932.00
11303000,28,1,28,210,30,231.00,269.75,397.00,794.50,1959.00
11303000,29,1,29,210,30,231.00,268.75,391.50,762.50,1959.00
11303000,30,1,30,210,30,231.00,270.50,389.50,794.50,1959.00
11303000,31,1,31,210,30,231.00,271.00,389.50,798.75,1959.00
11303000,32,2,1,210,30,231.10,271.75,389.00,812.25,1959.00
11303000,33,2,2,210,30,231.10,273.50,386.50,837.75,2041.00
11303000,34,2,3,210,30,231.10,275.50,382.50,893.25,2173.00
11303000,35,2,4,210,30,223.40,276.75,412.50,904.50,2209.00
11303000,36,2,5,210,30,217.00,277.00,449.00,1162.50,2209.00
11303000,37,2,6,210,30,215.00,280.00,474.50,1312.50,2347.00
11303000,38,2,7,210,30,213.20,277.00,489.50,1380.00,2450.00
11303000,39,2,8,210,30,213.20,276.25,501.00,1397.50,2714.00
11303000,40,2,9,210,30,215.20,275.50,527.00,1400.00,2767.00
11303000,41,2,10,210,30,218.30,273.75,553.00,1382.50,2824.00
11303000,42,2,11,210,30,231.10,275.50,574.00,1382.50,3040.00
11303000,43,2,12,210,30,232.10,298.25,577.50,1335.00,3292.00
11303000,44,2,13,210,30,233.10,303.75,580.50,1335.00,3445.00
11303000,45,2,14,210,30,234.10,341.25,585.00,1382.50,3445.00
11303000,46,2,15,210,30,241.40,353.50,585.00,1400.00,3581.00
11303000,47,2,16,210,30,245.00,362.50,590.00,1472.50,3564.00
11303000,48,2,17,210,30,247.10,366.00,590.00,1500.00,3604.00
11303000,49,2,18,210,30,248.00,376.50,596.50,1505.00,3628.00
11303000,50,2,19,210,30,249.00,376.50,666.00,1530.00,3675.00
11303000,51,2,20,210,30,249.20,373.50,668.50,1547.50,3675.00
11303000,52,2,21,210,30,249.40,373.50,751.50,1585.00,3675.00
11303000,53,2,22,210,30,254.50,370.75,707.50,1635.00,3940.00
11303000,54,2,23,210,30,266.20,367.00,740.50,1657.50,3897.00
11303000,55,2,24,210,30,258.40,362.50,733.50,1690.00,3855.00
11303000,56,2,25,210,30,257.10,356.75,656.50,1725.00,3826.00
11303000,57,2,26,188,30,256.30,353.75,637.00,1762.50,3333.00
11303000,58,2,27,188,30,256.30,351.50,609.00,1867.50,3566.00
11303000,59,2,28,188,30,256.30,347.00,610.00,1920.00,3612.00
11303000,60,2,29,188,30,254.50,327.75,678.00,1975.00,3612.00
11303000,61,3,1,188,30,254.90,318.50,611.00,1997.50,3538.00
11303000,62,3,2,188,30,255.90,321.25,587.00,2000.00,3521.00
11303000,63,3,3,188,30,258.90,321.75,582.00,2007.50,3538.00
11303000,64,3,4,210,30,260.10,315.25,563.50,2002.50,3628.00
11303000,65,3,5,210,30,261.10,310.50,559.50,1842.50,3628.00
11303000,66,3,6,210,30,264.20,314.50,546.00,1677.50,3519.00
11303000,67,3,7,210,30,267.00,314.50,530.50,1640.00,3507.00
11303000,68,3,8,210,30,266.10,314.00,521.50,1640.00,3507.00
11303000,69,3,9,210,30,264.20,309.00,507.50,1640.00,3507.00
11303000,70,3,10,210,30,264.10,311.25,502.00,1745.00,3378.00
11303000,71,3,11,210,30,263.10,320.50,500.00,1827.50,3348.00
11303000,72,3,12,210,30,262.10,329.75,502.00,1827.50,3330.00
11303000,73,3,13,210,30,260.00,339.50,507.50,1795.00,3218.00
11303000,74,3,14,210,30,260.00,336.00,509.50,1705.00,3077.00
11303000,75,3,15,210,30,260.00,330.75,509.50,1700.00,2988.00
11303000,76,3,16,210,30,260.00,330.75,509.50,1692.50,2953.00
11303000,77,3,17,210,30,258.10,329.50,509.50,1690.00,2927.00
11303000,78,3,18,210,30,257.10,321.75,510.50,1670.00,2960.00
11303000,79,3,19,210,30,255.20,318.75,506.00,1650.00,2960.00
11303000,80,3,20,210,30,249.10,317.25,503.50,1630.00,2949.00
11303000,81,3,21,210,30,245.10,314.25,499.50,1610.00,2949.00
11303000,82,3,22,210,30,245.00,318.75,498.00,1577.50,2949.00
11303000,83,3,23,210,30,245.10,322.00,503.50,1550.00,2859.00
11303000,84,3,24,210,30,246.20,327.50,510.50,1477.50,2835.00
11303000,85,3,25,210,30,246.80,329.50,510.50,1460.00,2692.00
11303000,86,3,26,210,30,254.10,332.00,518.50,1450.00,2576.00
11303000,87,3,27,210,30,255.40,339.25,518.50,1422.50,2515.00
11303000,88,3,28,210,30,259.10,345.00,518.50,1405.00,2360.00
11303000,89,3,29,210,30,260.10,349.50,540.00,1380.00,2101.00
11303000,90,3,30,210,30,261.20,355.75,549.50,1355.00,1965.00
11303000,91,3,31,210,30,268.10,360.75,554.00,1330.00,1917.00
11303000,92,4,1,210,30,275.30,364.50,554.00,1292.50,1869.00
11303000,93,4,2,210,30,290.20,368.75,559.00,1275.00,1856.00
11303000,94,4,3,210,30,292.00,371.00,608.50,1305.00,1829.00
11303000,95,4,4,210,30,290.20,374.50,638.00,1330.00,1829.00
11303000,96,4,5,210,30,290.20,376.00,664.00,1362.50,1857.00
11303000,97,4,6,210,30,289.10,373.00,686.50,1385.00,1888.00
11303000,98,4,7,210,30,287.20,377.75,692.50,1445.00,1910.00
11303000,99,4,8,210,30,287.00,395.75,710.00,1502.50,1956.00
11303000,100,4,9,210,30,287.20,486.75,724.50,1580.00,1970.00
11303000,101,4,10,210,30,287.60,516.00,752.00,1600.00,2037.00
11303000,102,4,11,210,30,303.50,535.50,822.50,1622.50,2040.00
11303000,103,4,12,210,30,331.00,547.25,908.00,1620.00,2165.00
11303000,104,4,13,210,30,356.50,565.75,975.00,1620.00,2250.00
11303000,105,4,14,210,30,399.70,596.25,991.00,1620.00,2345.00
11303000,106,4,15,210,30,424.20,607.50,1090.00,1620.00,2453.00
11303000,107,4,16,210,30,429.80,614.75,1170.00,1622.50,2497.00
11303000,108,4,17,210,30,477.00,639.25,1195.00,1652.50,2689.00
11303000,109,4,18,210,30,520.40,658.00,1295.00,1680.00,2654.00
11303000,110,4,19,210,30,524.40,673.50,1355.00,1695.00,2658.00
11303000,111,4,20,210,30,524.20,765.50,1380.00,1710.00,2658.00
11303000,112,4,21,210,30,524.20,848.00,1415.00,1715.00,2658.00
11303000,113,4,22,210,30,542.00,951.25,1435.00,1737.50,2658.00
11303000,114,4,23,210,30,566.40,967.25,1450.00,1875.00,2678.00
11303000,115,4,24,210,30,551.50,971.75,1470.00,1922.50,2749.00
11303000,116,4,25,210,30,551.50,984.50,1470.00,1992.50,2779.00
11303000,117,4,26,210,30,551.50,990.75,1480.00,2000.00,2810.00
11303000,118,4,27,210,30,570.20,997.50,1500.00,2010.00,2830.00
11303000,119,4,28,210,30,613.50,1000.00,1500.00,2010.00,2944.00
11303000,120,4,29,210,30,663.30,1000.00,1500.00,2012.50,3097.00
11303000,121,4,30,210,30,666.00,1007.50,1500.00,2010.00,2944.00
11303000,122,5,1,210,30,658.80,1000.00,1495.00,2010.00,2890.00
11303000,123,5,2,210,30,610.00,993.75,1495.00,2010.00,2890.00
11303000,124,5,3,210,30,553.10,978.25,1490.00,2010.00,2890.00
11303000,125,5,4,210,30,545.60,944.00,1490.00,1995.00,2890.00
11303000,126,5,5,210,30,528.10,894.00,1490.00,1990.00,2889.00
11303000,127,5,6,210,30,528.10,807.25,1490.00,1990.00,2889.00
11303000,128,5,7,210,30,509.00,801.00,1490.00,1995.00,2879.00
11303000,129,5,8,210,30,580.40,801.00,1500.00,2017.50,2877.00
11303000,130,5,9,210,30,647.00,841.00,1505.00,2040.00,2883.00
11303000,131,5,10,210,30,657.50,869.00,1505.00,2042.50,2729.00
11303000,132,5,11,210,30,657.50,955.00,1510.00,2040.00,2718.00
11303000,133,5,12,210,30,684.00,993.75,1505.00,2022.50,2610.00
11303000,134,5,13,210,30,694.40,1010.00,1505.00,2010.00,2609.00
11303000,135,5,14,210,30,702.20,1010.00,1500.00,2000.00,2609.00
11303000,136,5,15,210,30,738.20,1010.00,1490.00,1982.50,2599.00
11303000,137,5,16,210,30,760.80,1010.00,1485.00,1877.50,2609.00
11303000,138,5,17,210,30,750.10,1010.00,1480.00,1815.00,2609.00
11303000,139,5,18,210,30,745.40,1010.00,1480.00,1752.50,2637.00
11303000,140,5,19,210,30,736.20,980.75,1470.00,1735.00,2649.00
11303000,141,5,20,210,30,672.10,918.25,1455.00,1735.00,2686.00
11303000,142,5,21,210,30,645.90,842.00,1450.00,1692.50,2690.00
11303000,143,5,22,210,30,591.30,802.25,1440.00,1680.00,2690.00
11303000,144,5,23,210,30,570.20,744.75,1420.00,1672.50,2662.00
11303000,145,5,24,210,30,537.50,716.50,1390.00,1647.50,2651.00
11303000,146,5,25,210,30,517.80,701.75,1355.00,1570.00,2646.00
11303000,147,5,26,210,30,498.60,697.25,1250.00,1560.00,2645.00
11303000,148,5,27,210,30,496.00,692.75,1140.00,1560.00,2582.00
11303000,149,5,28,210,30,478.20,692.00,1065.00,1550.00,2239.00
11303000,150,5,29,210,30,452.70,691.00,1040.00,1550.00,2225.00
11303000,151,5,30,210,30,444.30,687.50,1040.00,1550.00,2177.00
11303000,152,5,31,210,30,433.70,681.00,1040.00,1550.00,2150.00
11303000,153,6,1,210,30,418.20,638.25,1040.00,1550.00,2140.00
11303000,154,6,2,210,30,412.50,622.75,1005.00,1542.50,2130.00
11303000,155,6,3,210,30,406.30,599.25,1000.00,1540.00,2073.00
11303000,156,6,4,210,30,403.60,580.25,998.50,1540.00,1908.00
11303000,157,6,5,210,30,394.60,561.50,996.00,1530.00,1778.00
11303000,158,6,6,210,30,389.20,551.25,969.00,1520.00,1758.00
11303000,159,6,7,210,30,382.90,537.75,962.50,1512.50,1794.00
11303000,160,6,8,210,30,356.80,532.00,962.50,1510.00,1810.00
11303000,161,6,9,210,30,354.30,517.75,1002.00,1500.00,1810.00
11303000,162,6,10,210,30,354.30,513.50,1050.00,1500.00,1774.00
11303000,163,6,11,210,30,354.30,506.25,1050.00,1490.00,1756.00
11303000,164,6,12,210,30,354.30,500.25,1050.00,1490.00,1738.00
11303000,165,6,13,210,30,354.30,494.00,1020.00,1490.00,1700.00
11303000,166,6,14,210,30,353.10,489.50,992.50,1490.00,1699.00
11303000,167,6,15,210,30,350.80,478.00,963.00,1482.50,1690.00
11303000,168,6,16,210,30,348.10,465.75,928.50,1472.50,1699.00
11303000,169,6,17,210,30,347.40,451.50,928.50,1482.50,1758.00
11303000,170,6,18,210,30,346.60,457.50,928.50,1490.00,1939.00
11303000,171,6,19,210,30,338.40,457.50,936.00,1490.00,1969.00
11303000,172,6,20,210,30,326.70,461.00,956.00,1490.00,1979.00
11303000,173,6,21,210,30,314.80,467.25,956.00,1482.50,1980.00
11303000,174,6,22,210,30,311.10,470.50,957.00,1460.00,1989.00
11303000,175,6,23,210,30,311.00,470.50,972.00,1435.00,2098.00
11303000,176,6,24,210,30,306.50,469.00,965.00,1420.00,2100.00
11303000,177,6,25,210,30,306.50,468.75,965.00,1402.50,2100.00
11303000,178,6,26,210,30,306.50,461.00,959.50,1365.00,2099.00
11303000,179,6,27,210,30,304.70,454.00,924.00,1345.00,2065.00
11303000,180,6,28,210,30,304.70,444.50,860.50,1320.00,2010.00
11303000,181,6,29,210,30,302.20,430.50,780.00,1312.50,2010.00
11303000,182,6,30,210,30,300.20,426.00,719.50,1280.00,1945.00
11303000,183,7,1,210,30,300.20,411.75,631.50,1187.50,1726.00
11303000,184,7,2,210,30,298.10,387.75,570.50,998.25,1589.00
11303000,185,7,3,210,30,298.00,350.75,551.00,917.25,1540.00
11303000,186,7,4,210,30,282.30,342.75,541.00,856.50,1540.00
11303000,187,7,5,210,30,271.30,337.75,516.50,784.75,1539.00
11303000,188,7,6,210,30,266.00,322.75,510.00,727.50,1530.00
11303000,189,7,7,210,30,258.40,314.50,502.00,714.50,1530.00
11303000,190,7,8,210,30,255.10,311.00,494.00,717.75,1539.00
11303000,191,7,9,210,30,253.10,305.75,471.50,717.75,1549.00
11303000,192,7,10,210,30,252.10,306.00,461.00,711.00,1550.00
11303000,193,7,11,210,30,247.00,305.50,459.50,735.75,1549.00
11303000,194,7,12,210,30,241.40,305.50,457.50,748.00,1549.00
11303000,195,7,13,210,30,239.10,311.25,459.50,754.75,1549.00
11303000,196,7,14,210,30,239.20,313.00,459.50,763.00,1539.00
11303000,197,7,15,210,30,239.00,323.00,458.00,764.50,1539.00
11303000,198,7,16,210,30,239.10,326.75,459.00,764.50,1530.00
11303000,199,7,17,210,30,239.10,328.00,454.50,779.50,1530.00
11303000,200,7,18,210,30,239.10,328.75,449.50,782.00,1530.00
11303000,201,7,19,210,30,239.00,328.75,448.00,780.50,1530.00
11303000,202,7,20,210,30,237.20,328.00,445.50,767.00,1530.00
11303000,203,7,21,210,30,237.00,325.50,445.50,760.00,1530.00
11303000,204,7,22,210,30,234.30,321.75,435.00,749.50,1530.00
11303000,205,7,23,210,30,233.10,316.75,428.50,749.50,1529.00
11303000,206,7,24,210,30,232.10,312.50,425.00,734.50,1529.00
11303000,207,7,25,210,30,232.00,310.75,417.50,714.50,1529.00
11303000,208,7,26,210,30,228.40,312.50,414.50,714.50,1529.00
11303000,209,7,27,210,30,228.00,313.00,412.00,742.50,1529.00
11303000,210,7,28,210,30,228.00,313.00,410.00,777.75,1529.00
11303000,211,7,29,210,30,227.10,313.00,405.50,782.00,1529.00
11303000,212,7,30,210,30,225.20,312.50,400.50,788.75,1529.00
11303000,213,7,31,210,30,224.10,306.50,400.50,792.75,1529.00
11303000,214,8,1,210,30,215.30,301.50,395.00,788.75,1529.00
11303000,215,8,2,210,30,213.20,299.25,388.00,782.00,1530.00
11303000,216,8,3,210,30,213.20,291.50,386.50,782.00,1539.00
11303000,217,8,4,210,30,212.00,285.00,383.50,760.25,1539.00
11303000,218,8,5,210,30,209.30,283.75,380.00,742.75,1539.00
11303000,219,8,6,210,30,212.00,278.50,378.00,707.00,1539.00
11303000,220,8,7,210,30,212.00,278.50,377.50,686.25,1539.00
11303000,221,8,8,210,30,210.00,278.50,375.50,677.75,1539.00
11303000,222,8,9,210,30,210.00,278.50,370.00,668.50,1540.00
11303000,223,8,10,210,30,208.20,280.50,365.50,644.75,1540.00
11303000,224,8,11,210,30,206.20,273.75,357.00,629.25,1540.00
11303000,225,8,12,210,30,205.30,268.50,354.50,626.50,1540.00
11303000,226,8,13,210,30,205.10,259.75,351.50,626.50,1540.00
11303000,227,8,14,210,30,204.10,257.25,347.00,626.00,1540.00
11303000,228,8,15,210,30,204.10,257.25,344.00,620.00,1540.00
11303000,229,8,16,210,30,204.10,259.75,341.50,620.00,1540.00
11303000,230,8,17,210,30,204.00,257.25,339.50,603.00,1540.00
11303000,231,8,18,210,30,198.50,252.00,336.50,573.75,1540.00
11303000,232,8,19,210,30,198.00,252.00,336.50,540.25,1539.00
11303000,233,8,20,210,30,198.20,250.25,335.00,512.25,1530.00
11303000,234,8,21,210,30,198.10,248.75,335.00,484.00,1540.00
11303000,235,8,22,210,30,199.10,248.50,333.50,479.25,1549.00
11303000,236,8,23,210,30,199.10,243.00,334.50,479.25,1550.00
11303000,237,8,24,210,30,198.10,240.25,334.00,469.25,1550.00
11303000,238,8,25,210,30,199.00,240.50,334.00,463.75,1550.00
11303000,239,8,26,210,30,197.20,243.50,333.00,457.00,1559.00
11303000,240,8,27,210,30,193.10,245.50,332.00,457.00,1558.00
11303000,241,8,28,210,30,190.30,243.50,327.00,457.00,1522.00
11303000,242,8,29,210,30,190.00,240.50,323.00,457.00,1346.00
11303000,243,8,30,210,30,189.00,240.50,322.50,454.50,1209.00
11303000,244,8,31,210,30,189.00,234.75,322.50,453.25,1189.00
11303000,245,9,1,210,30,188.00,233.75,323.00,451.50,1170.00
11303000,246,9,2,210,30,188.00,230.00,323.00,447.25,1107.00
11303000,247,9,3,210,30,188.10,229.50,320.50,444.50,1069.00
11303000,248,9,4,210,30,187.20,229.50,318.50,444.50,902.30
11303000,249,9,5,210,30,187.20,231.50,318.50,437.25,614.80
11303000,250,9,6,210,30,186.00,233.50,318.00,437.25,586.40
11303000,251,9,7,210,30,186.00,240.50,316.50,440.50,553.00
11303000,252,9,8,210,30,182.20,243.75,316.50,452.00,547.80
11303000,253,9,9,210,30,176.70,247.00,317.50,455.00,542.90
11303000,254,9,10,210,30,176.60,249.25,318.00,455.00,541.70
11303000,255,9,11,210,30,176.60,247.00,316.50,452.00,536.90
11303000,256,9,12,210,30,176.60,246.75,317.00,452.00,542.00
11303000,257,9,13,210,30,176.60,240.75,315.50,447.25,555.40
11303000,258,9,14,210,30,176.60,236.50,313.00,447.00,612.70
11303000,259,9,15,210,30,174.80,226.00,311.00,446.25,615.00
11303000,260,9,16,210,30,170.30,226.00,305.50,447.25,863.30
11303000,261,9,17,210,30,169.30,225.75,308.00,449.00,1088.30
11303000,262,9,18,210,30,171.50,224.75,308.00,452.00,1106.30
11303000,263,9,19,210,30,171.10,224.75,305.50,447.50,1106.30
11303000,264,9,20,210,30,171.10,223.75,305.50,447.25,1106.30
11303000,265,9,21,210,30,171.10,223.75,305.00,445.25,1115.30
11303000,266,9,22,210,30,171.00,222.25,302.00,445.25,1124.50
11303000,267,9,23,210,30,169.20,215.50,301.50,445.25,1260.00
11303000,268,9,24,210,30,169.20,213.50,298.00,443.50,1350.10
11303000,269,9,25,210,30,162.70,213.50,297.00,441.25,1368.20
11303000,270,9,26,210,30,156.40,214.00,293.00,440.25,1368.20
11303000,271,9,27,210,30,159.10,214.75,293.00,437.00,1368.20
11303000,272,9,28,210,31,165.40,214.75,292.00,435.25,1368.20
11303000,273,9,29,210,31,167.20,218.25,292.00,435.00,1377.20
11303000,274,9,30,210,31,177.30,224.00,295.00,432.00,1386.20
11303000,275,10,1,210,31,180.50,233.25,296.00,429.25,1395.20
11303000,276,10,2,210,31,185.00,237.25,297.00,428.25,1413.00
11303000,277,10,3,210,31,191.10,240.00,300.00,428.25,1478.00
11303000,278,10,4,210,30,192.00,242.00,303.00,430.25,1505.00
11303000,279,10,5,210,30,192.00,245.50,304.50,435.25,1559.00
11303000,280,10,6,210,30,192.30,253.75,306.50,454.25,1559.00
11303000,281,10,7,210,30,197.20,259.25,308.00,458.00,1559.00
11303000,282,10,8,210,30,200.10,262.75,317.50,470.50,1550.00
11303000,283,10,9,210,30,202.00,264.00,322.50,501.75,1555.00
11303000,284,10,10,210,30,204.00,264.00,334.00,548.25,1537.00
11303000,285,10,11,210,30,210.00,265.50,343.00,648.50,1466.00
11303000,286,10,12,210,30,213.10,267.00,373.00,694.00,1471.00
11303000,287,10,13,210,30,216.20,268.00,383.50,756.25,1480.00
11303000,288,10,14,210,30,218.00,271.00,429.50,875.75,1489.00
11303000,289,10,15,210,30,219.50,281.75,508.50,950.25,1489.00
11303000,290,10,16,210,30,228.20,309.00,568.50,997.75,1489.00
11303000,291,10,17,210,30,249.10,333.75,589.50,1042.50,1489.00
11303000,292,10,18,210,30,258.40,380.25,611.50,1052.50,1517.00
11303000,293,10,19,210,30,266.10,424.50,648.50,1062.50,1520.00
11303000,294,10,20,210,30,284.70,449.25,670.50,1070.00,1517.00
11303000,295,10,21,210,30,296.60,480.50,718.00,1092.50,1495.00
11303000,296,10,22,210,30,340.00,490.25,764.50,1130.00,1500.00
11303000,297,10,23,210,30,390.80,497.00,843.00,1160.00,1500.00
11303000,298,10,24,210,30,411.30,505.75,883.50,1162.50,1500.00
11303000,299,10,25,210,30,424.10,531.00,886.50,1172.50,1500.00
11303000,300,10,26,210,30,427.10,553.75,887.50,1170.00,1499.00
11303000,301,10,27,210,30,426.10,537.25,855.00,1170.00,1490.00
11303000,302,10,28,210,30,425.10,525.00,792.50,1145.00,1479.00
11303000,303,10,29,210,30,412.10,494.75,736.00,1082.50,1427.00
11303000,304,10,30,210,30,375.30,468.00,687.50,1020.00,1375.00
11303000,305,10,31,210,30,360.30,431.75,636.50,980.00,1287.00
11303000,306,11,1,210,30,330.10,404.00,570.00,941.25,1210.00
11303000,307,11,2,210,30,315.60,377.50,484.50,862.50,1149.00
11303000,308,11,3,210,30,303.10,359.75,456.00,807.00,1078.00
11303000,309,11,4,210,30,293.50,335.50,425.00,724.25,1029.00
11303000,310,11,5,210,30,284.20,324.00,413.00,653.00,999.50
11303000,311,11,6,210,30,273.40,319.50,396.00,559.50,906.50
11303000,312,11,7,210,30,266.00,308.75,376.50,475.25,812.20
11303000,313,11,8,210,30,254.40,303.75,365.50,465.00,704.70
11303000,314,11,9,210,30,246.00,299.00,342.00,431.50,687.80
11303000,315,11,10,210,30,241.20,286.50,336.00,421.75,656.00
11303000,316,11,11,210,30,236.20,275.00,328.50,418.25,656.00
11303000,317,11,12,210,30,231.10,272.75,321.50,414.50,656.00
11303000,318,11,13,210,30,226.00,256.75,317.00,408.50,675.80
11303000,319,11,14,210,30,222.10,247.00,315.00,410.00,700.90
11303000,320,11,15,210,30,215.10,243.25,314.50,410.00,700.90
11303000,321,11,16,210,30,212.10,238.00,312.00,408.00,700.90
11303000,322,11,17,210,30,209.10,234.50,310.00,408.00,683.40
11303000,323,11,18,210,30,207.20,232.00,308.00,408.00,664.50
11303000,324,11,19,210,30,205.20,230.75,306.50,408.00,654.20
11303000,325,11,20,210,30,207.20,230.50,302.00,407.25,645.50
11303000,326,11,21,210,30,209.10,230.00,301.50,406.25,639.10
11303000,327,11,22,210,30,209.20,230.00,300.50,406.00,621.60
11303000,328,11,23,210,30,207.30,226.50,298.00,406.00,617.30
11303000,329,11,24,210,30,207.10,224.75,297.00,406.00,617.30
11303000,330,11,25,210,30,206.10,224.75,297.00,406.75,638.00
11303000,331,11,26,210,30,206.10,226.50,297.00,406.00,634.30
11303000,332,11,27,210,30,204.20,227.25,296.50,411.25,631.60
11303000,333,11,28,210,30,204.10,237.00,296.50,411.25,631.60
11303000,334,11,29,210,30,204.10,240.00,295.50,411.25,636.70
11303000,335,11,30,210,30,204.10,240.00,295.00,411.25,642.40
11303000,336,12,1,210,30,205.00,240.75,294.50,411.00,652.00
11303000,337,12,2,210,30,205.00,244.00,294.50,411.00,939.30
11303000,338,12,3,210,30,205.00,240.75,294.50,411.00,952.50
11303000,339,12,4,210,30,204.10,240.00,295.00,411.00,957.80
11303000,340,12,5,210,30,204.00,238.75,295.00,411.00,1113.80
11303000,341,12,6,210,30,203.10,236.75,294.50,411.25,1113.80
11303000,342,12,7,210,30,203.10,230.75,296.50,411.25,1158.80
11303000,343,12,8,210,30,204.00,223.75,298.00,412.00,1436.80
11303000,344,12,9,210,30,205.00,230.50,301.00,413.00,1076.80
11303000,345,12,10,210,30,205.00,237.00,301.50,413.00,951.00
11303000,346,12,11,210,30,206.00,238.75,305.50,413.00,938.50
11303000,347,12,12,210,30,206.00,239.75,309.50,413.25,933.80
11303000,348,12,13,210,30,206.10,245.75,314.00,413.25,930.90
11303000,349,12,14,210,30,207.00,256.25,317.50,418.50,930.90
11303000,350,12,15,210,30,207.00,262.00,326.50,425.25,930.90
11303000,351,12,16,210,30,206.10,263.50,334.00,425.25,920.80
11303000,352,12,17,210,30,206.00,263.50,338.50,439.50,922.60
11303000,353,12,18,210,30,204.00,262.75,338.50,489.00,932.00
11303000,354,12,19,210,30,204.00,262.00,334.00,508.50,947.40
11303000,355,12,20,210,30,204.10,262.00,334.00,526.25,988.60
11303000,356,12,21,210,30,205.10,261.00,332.00,528.00,1075.90
11303000,357,12,22,210,30,204.20,257.75,331.50,528.00,1100.00
11303000,358,12,23,210,30,203.10,255.25,331.00,526.50,1120.00
11303000,359,12,24,210,30,206.10,251.50,331.00,527.75,1130.00
11303000,360,12,25,210,30,208.00,251.50,330.00,533.25,1140.00
11303000,361,12,26,210,30,208.00,250.00,331.50,562.00,1160.00
11303000,362,12,27,210,30,208.00,249.25,338.00,643.50,1169.00
11303000,363,12,28,210,30,207.10,244.25,350.00,698.25,1368.00
11303000,364,12,29,210,31,206.00,240.50,360.50,789.25,1555.00
11303000,365,12,30,210,31,205.10,238.25,361.00,803.75,1908.00
11303000,366,12,31,210,31,205.00,235.75,365.00,808.50,1956.00
